species_key,uniprot_accession,sequence
human,P61769,MSRSVALAVLALLSLSGLEAIQRTPKIQVYSRHPAENGKSNFLNCYVSGFHPSDIEVDLLKNGERIEKVEHSDLSFSKDWSFYLLYYTEFTPTEKDEYACRVNHVTLSQPKIVKWDRDM
mouse,P01887,MARSVTLVFLVLVSLTGLYAIQKTPQIQVYSRHPPENGKPNILNCYVTQFHPPHIEIQMLKNGKKIPKVEMSDMSFSKDWSFYILAHTEFTPTETDTYACRVKHASMAEPKTVYWDRDM
rat,P07151,MARSVTVIFLVLVSLAVVLAIQKTPQIQVYSRHPPENGKPNFLNCYVSQFHPPQIEIELLKNGKKIPNIEMSDLSFSKDWSFYILAHTEFTPTETDVYACRVKHVTLKEPKTVTWDRDM
cattle,P01888,MARFVALVLLGLLSLSGLDAIQRPPKIQVYSRHPPEDGKPNYLNCYVYGFHPPQIEIDLLKNGEKIKSEQSDLSFSKDWSFYLLSHAEFTPNSKDQYSCRVKHVTLEQPRIVKWDRDL
pig,Q07717,MAPLVALVLLGLLSLSGLDAVARPPKVQVYSRHPAENGKPNYLNCYVSGFHPPQIEIDLLKNGEKMNAEQSDLSFSKDWSFYLLVHTEFTPNAVDQYSCRVKHVTLDKPKIVKWDRDH
horse,P30441,MARVVALVLLGLLSLTGLEAVPRVPKVQVYSRHPAENGKPNFLNCYVSGFHPPEIEIDLLKNGEKMKVDRSDLSFSKDWSFYLLVHTDFTPNGVDEYSCRVQHSTLKDPLIVKWDRDL
sheep,Q6QAT4,MAVSAALVLLGLLSLSGLDAIQRIPEVQVYSRHPPEDGKPNYLNCYVYGFHPPQIEIDLLKNGEKIKSEQSDLSFSKDWSFYLLSHAEFTPNSKDQYSCRVNHVTLTQPKIVKWDRDL
dog,E2RN10,MAPRPALATAGFLALLLILLAACRLDAVQHPPKIQVYSRHPAENGKPNFLNCYVSGFHPPEEIEIDLLKNGKEMKAEQTDLSFSKDWTFYLLVHTEFTPNEQDEFSCRVKHVTLSEPQIVKWDRDN
cat,Q5MGS7,MARFVVLVLLGLLYLSHLDAVQHSPKVQVYSRHPAENGKPNFLNCYVSGFHPPQIDITLMKNGKKMEAEQTDLSFNRDWTFYLLVHTEFTPTVEDEYSCQVNHTTLSEPKVVKWDRDM
chicken,P21611,MGKAAAVVLVTLVALLGLAQADLTPKVQVYSRFPASAGTKNVLNCFAAGFHPPKISITLMKDGVPMEGAQYSDMSFNDDWTFQRLVHADFTPSSGSTYACKVEHETLKEPQVYKWDPEF
salmon,B5X661,MKTVLSVVAFCVVLVTINAKESPPKVQVYSRNPGEHGKDNTLICHVSGFHPPDISIQLLKNGVEIPDAKQTDLAFEQGWQFHLTKSVGFTPDSGEEYTCRVRHLKNLKTYTWEPDM
pseudonaja_textilis,A0A670ZDG4,DLTLGWIVPKVQVYSRHPESIGKENTLHCFVEGFHPPKINVTLLKNNVEIPGVQRSDLSFKEDWTFQLLAHVSVVPNGKDEYLCRVEHQAFREPQIVKWGNYFDLTFSSVSFFFPLPLPSFTS
notechis_scutatus,A0A6J1VIQ6,MASKELFLWCVVLVGVSVLTEGTEKVPKVQVYSRHPESIGKENTLHCFVEGFHPPKINVTLLKNNVEIPGVKRSDLSFKEDWTFQLLTHVSVVPNGKDEYSCRVEHQAFREPMVYKWEQNY
laticauda_laticaudata,A0A8C5SGL4,MASKEFLLWCVVLVWVSLPTEALEKAPKVQVYSRYPESIGKENILHCFVEGFHPPKINVTLLKNNVEIPGVQRSDLSFKEDWTFQLLTHVSVVPDGKAEYSCKVEHQALREPQIVKWEQNY
naja_naja,A0A8C7E1M4,MAVKEFLLWCVVLVCVSVDTEALDQSPEVQVYSRHPVSIGKKNILQCFVEGFHPPKINVTLLKDNVEIPNVKKSDLSFKEDWTFQLLTHVLVVPDGKAEYSCRVEHQTFREPKIFKWEQ
sphenodon_punctatus,A0A8D0HII3,MTKTLSLLLVVLFALAGLDASNVSPKVQVYSRHPVEDGKENAINCYVEGFHPPKITIDLLKNGVPMTNVGTSDLSFGSDWTFKRLVHAPFTPNTEDKYSCRVEHVTLSGPKTVQWGLKKFALQSEIRLSPIQSSYTLFRPCLQLPLKIT
anolis_carolinensis,H9GBW4,MARDLSLLFFAFAFCISSLEATQKNRPAAVWSEEVGITVDEEATARPVAGIEHTLRKLEAGEEAPSVQVYFRHPAEKGKENTFHCYAESFHPPKINITLLKNGIPMENVQQSDLSFKKDWTFERLVYAKVIPDGKAEFACKVEHITLPQPMIYKLDQEY
podarcis_muralis,A0A670JJW1,MAKAPLLSCLVLVLLVGILEATPRTPNVQVYSRYPVEKGKENIVNCYVDNFHPPKINITIEKGGKPLKDVKQSDLSFDKTWAFNRLVYANVTPDGEEVACRVEHSTLVDPKVVKWEQE
thamnophis_sirtalis,A0A6I9Y2I1,MASKELFLWCVVLVCVCGLTKALNKPPTVQVYSRHPISEGKENILHCFAEGFHPPKINVTLLRNNEKIPDVKYSDLSFKEDWTFQLLAHAQVVPNGKDEYSCLVEHQALSAPAKVKWEQDK
pogona_vitticeps,A0A6J0UZK5,MASYLTWVVFAICITALKAVIREPDIQVYTRFPVEFGKTNTLNCYVERFHPPKIDITLLKDNVPIENVKKSDLSFDRDWTFHLLVSAEFVPEQNSVYTCKVEHDSLQQAKIVKLDY
notechis_scutatus,A0A6J1VGZ6,MASKELFLWCVVLVGVSVLTEGTEKVPKVQVYSRHPESIGKENTLHCFVEGFHPPKINVTLLKNNVEIPGVKRSDLSFKEDWTFQLLTHVSVVPNGKDEYSCRVEHQAFREPMVYKWELLIQ
pantherophis_guttatus,A0A6P9D8F7,MANSKELLLWCVVLVCISGLTEATEKAPSVQVYSRHPISIGKENVLHCFVEGFHPPKINVTLLKNNVEIPEVKQSDLSFKEDWTFQLLTYVSVVPNGKDEYSCRVSHQALKEPKIMKWEQDY
sphenodon_punctatus,A0A8D0HNZ9,MTKTLSLLLVVLFALAGLDASNVSPKVQVYSRHPVEDGKENAINCYVEGFHPPKITIDLLKNGVPMTNVGTSDLSFGSDWTFKRLVHAPFTPNTEDKYSCRVEHVTLSGPKTVQWDPDY
varanus_komodoensis,A0A8D2JAW0,MAKGLLLCATFLMCVSVLLAVQKPPTVQVYSRYPVEIGKSNILNCYVEGFHPPKINITLLKNEDPLSTKQTDLSFKEDWTFQLLTYAEVFPNGKDRYSCKVEHATLENPKIVQWDQEY
varanus_komodoensis,A0A8D2JC13,MAKGLLLCATFLMCVSVLLAVQKPPTVQVYSRYPVEIGKSNILNCYVEGFHPPKINITLLKNEDPLSTKQTDLSFKEDWTFQLLTYAEVFPNGKDRYSCKVEHATLENPKIVQWGLAFPAFINAFLQFFYL
python_bivittatus,A0A9F2N8F3,MASKELFLWCVVLVWVSDLTQADPKAPVVQVYSRHPVTHGKENVLHCYAENFHPPKINVTLLKNNVKLANVKQSDLSFKEDWTFQLLTYATVVPNGNDEYLCVVDHQALDKPVTVKWEQDH
eublepharis_macularius,A0AA97LLV6,MAKAKEALLWTVLLAFCVQVLNAENREPQVQVYTRFPVEVGKENTLHCYADKFHPPKINITILKNDQPMAIEKNDLSFHNDWSFHLLAYTKEVIDGKSTYNCKVEHETLKEPKIVKFDLDY
ophiophagus_hannah,V8N920,MEVCWNADREKQPAMKEKVPDRAPTVQVYSRHPVSIGKENTLHCFVEGFHPPKINVTLLKNNVGIPGVQQSDLSFKEDWTFQLLTHVSVVPDGKAEYSCKVEHQTLSEPKIMKWGNYFDLTFSSISPPAPSPPSST
gekko_japonicus,A0ABM1JLP4,MAKVKEAIQWTVLMLAVCILVVEAASRGPKVQVFTRYPPEIGKENTFQCYVDGFHPPKISIELLKNGKPMESQKSDLSFHQDWAFHQLVYANITLDGKTEYACKVEHEALREPQTHKLELEF
crocodylus_porosus,A0A7M4ECA9,MARAESFKMVLLLLVALVGLASMEATTKSPKVHIYTRNPPGSSEPNFLNCFVDGFHPPKIDIELLKNGKPMDGMVKSDLTFKDDWTFQLLVSAPFTNSKDIYSCRVNHISMQQPKDVKWEPDN
terrapene_triunguis,A0A674JJ55,MARGLGVLLLVLLGLACLEATPSSPKVHVYSRHPVEDGKSNVLNCYVEGFHPPNIEITLLKNGVKMDAMEMSDLSFSDDWTFQRLVHAPFTPNGKDSYECKVVHSTLTSPKNVRWDPDN
chelonoidis_abingdonii,A0A8C0J9R5,MAPGLGVVLLLVLLGLAGLEATQSAPKVHVYSRHPVENGKSNVLNCYVEGFHPPNIEITLLKNGVKMDGVEMSDLSFSDDWTFQRLVHVPFTPNGKDSYECQVVHSTLPSPKKVRWDPDY
chrysemys_picta_bellii,A0A8C3FEP1,MARGLGVLLLVLLGLAGLEATTSSPKVHVYSRHPVEDGKSNVLNCYVEGFHPPNIEITLLKNGVKMDAMEMSDLSFSDDWTFQRLVHAPFTPNGKDSYECKVVHSTLPSPKNVRWGLKNSALQSEIRLSPNLFSSAFFIPHIHFVLEMNV
gopherus_evgoodei,A0A8C4YAP2,MARGLRMLLLVLLGLGGLEATQSAPKVHVYSRHPVENGKSNILNCYVEGFHPPNIEIILLKNGVKMDAMEMSDLSFSDDWTFQRLVHAPFTPNGQDSYECQVVHSTLTSPKKVRWDPDY
pelodiscus_sinensis,K7GHY8,PCRERLIVGFAILKSGRISTTSALRTVIDPPKVHVYSRHPAENGKSNVLNCYVEGFHPPNIHIKLLKNDKEMDGVEMSDLSFNDDWTFQRLVHVPFTPNGNDRYECHVEHSALQTPKKVRWGEYF
chrysemys_picta_bellii,A0A8C3H834,MARGLGVLLLVLLGLAGLEATTSSPKVHVYSRHPVEDGKSNVLNCYVEGFHPPNIEITLLKNGVKMDAMEMSDLSFSDDWTFQRLVHAPFTPNGKDSYECKVVHSTLPSPKNVRWDPDN
chelydra_serpentina,A0A8T1SHG0,PHFAVIGRRQAGYKRRWRPEGRQSAVGDRGAVRVAGAMARGLSVLLLVLLGLAGLEAITRNPKVHVYSRHPVEAGKPNVLNCYVEGFHPPNIEITLKKNGENMNNVQMSDLSFSGDWTFERLVHAPFTPNGEDSYECEVMHTTLDTPKKVRWDPDN
pelodiscus_sinensis,K7GHY2,MSLDFVLSDPPKVHVYSRHPAENGKSNVLNCYVEGFHPPNIHIKLLKNDKEMDGVEMSDLSFNDDWTFQRLVHVPFTPNGNDRYECHVEHSALQTPKKVRWDPDN
xenopus_tropicalis,A0A6I8PKK9,MKIALSLLSLGLVLALTLAESNISPPVVKVYTAEPVEFGKKNELICYAYDYHPPRMEISLLKNGVEIPDTKQKDPSFHHNWKYYTMMSAHVHIDSDDKVECLVAHNGSPPKRHKLDMF
geotrypetes_seraphini,A0A6P8R000,MYKVLVVFFCVIGSLQAEIKAPRVDVYTRYPVEEGKENVLICCAHKFHPSVIEMSLNENGKQMPGIQELDLSFEGDWTYRKVKFTNFVPGDNKQHTCEVSHLSQKPISYKLDPLM
xenopus_tropicalis,D4AHU6,SLLSLGLVLALTLAESNISPPVVKVYTAEPVEFGKKNELICYAYDYHPPRMEISLLKNGVEIPDTKQKDPSFHHNWKYYTMMSAHVHIDSDDKVECLVAHNGSPPKRHKLDMF
xenopus_laevis,Q9IA97,MKIALVLLSLLALTLAESNISPPVVKVYTAEPVDFGKTNEVICYVYNYHPPRLEMRLEKNGVEIPDCKQTDPSFQHNWKYYTTKSTHVHIDKGDKVECVVSHNGNPSKKYRLDIF
xenopus_tropicalis,A0A8J1IWU2,MGLAESNISPPVVKVYTAEPVEFGKKNELICYAYDYHPPRMEISLLKNGVEIPDTKQKDPSFHHNWKYYTMMSAHVHIDSDDKVECLVAHNGSPPKRHKLDMF
anser_brachyrhynchus,A0A8B9CJA0,QPKCHLIVQVNAALPPAAAPKVQVYSRHPVTAGSENVLNCYVEGFHPPKIDITLLKNGEPMKNVKYSDMSFNDDWTFHRLVYATFTPTKSDVYTCRVDHEAFTEPQSFRWGMGSDSPDFVGVWG
coturnix_japonica,A0A8C2SNP4,DQLLTPKVQLYSRYPASVGTKNQLNCFTAGFHPPKISITLQKDGVPMEGARYSDMSFSDDWSFQRLVHVDFTPSKDAIYTCKVEHETLKEPLVYKWDPEY
serinus_canaria,A0A8C9NU44,MARGALALGVLALLALLGLGAAAEAPKVEVYARSRAEEGKENILHCFVSGFHPPKIDIELLKNGQPIPGVKYGDLSFNEKWQFQRLVYVPFTPTRDDIFSCRVKHSTMPERRDYKWEPDF
anas_platyrhynchos_platyrhynchos,U3I3I3,MGLAAKAAIVALVALVALLGQGQAKAAPKVQVYSRHPATAGTENILNCYVEGFHPPKIDIALLKNGEPMKDVKYNDMSFGDDWTFQRLVYAPFTPTKSDVYTCRVDHEAFTEPQSFRWEPDF
acrocephalus_arundinaceus,A0A076JEK1,GVLVLLALPGLEAAGEAPKVEVYARSRAEEGKENILHCFITGFHPPKIDVELLKNGEPMPGVTYGDLSFNDKWQFQRLVYVPFIPTREDIFTCRVAHSTMPEPRSYRWEPDF
patagioenas_fasciata_monilis,A0A1V4KN48,MGVGPKVGLLVLVALFGLGKANEAPKVEVYSRKIAAPGQENTLNCFVSGFHPPQIDITLLENGKPMQGVQYADMSFDDKWFFQRLVYVPFTPQKGSTYECRVAHSTFREPQSFRWDPDF
lonchura_striata,A0A218UZL4,MARSALALGVLALLALLGLGAAAESPKVEVYARSRAEEGKENILHCFVTGFHPPKIDIKLLKNGEPIPGVKYGDLSFNEKWQFQRLVYVPFTPTKGDTFSCEVAHSTMPKSRNYLWEPDF
columba_livia,A0A2I0LLQ4,MGLGPKVGLLVLVALLGLGKANEAPKVEVYSRKIAALGQKNTLNCFVSGFHPPQIDITLLENGEPMEGVQYADMSFDDKWFFQRLVYVPFTPQKGSTYECRVAHSTFREPQSFRWDPDF
athene_cunicularia,A0A663M4R0,MGPVLKAGVLLLIALLGLGTAKETNSPPKVEVYSRKHASSGEENVLNCFVSGFHPPKINITLLKNGEPMTGVQYADMSFNDKWLFQRLVYAPFTPRKDDVYVCRVDHSAFKEPQSFRWDADM
phasianus_colchicus,A0A669P2A1,MGKAAAMLVALVALVALLGLAQADLTPKVQVYSRFPASAGTKNVLNCFAAGFHPPKISITLMKDGVPMEGAQYSDMSFNEDWSFQRLAYADFTPSSDATYTCRVEHETLKEPQVYKWDPEF
strigops_habroptila,A0A672UP97,MTRWPRGPGLYKRRGARGAGQRAARCGAVVMGLPGAVRGLIAVLLAVLVTLGEADEAPKVEVYSRDLVTMGKENTLNCFVSGFHPPKIEISLLKNGKPMDNVKYTDLSFNDKWYFQRLAYAPFTPQQGDVYVCRVAHSAFKEPQSFQWDADF
taeniopygia_guttata,A0A674H3T7,MARGALALGLLALLALLGLGAAAESPKVEVYARSRAEEGKENILHCFVTGFHPPKIDIKLLKNGDPIPGVKYGDLSFNEKWQFQRLVYVPFTPTRGDTFSCEVAHSTMPKSRNYLWDLGHSSCKSKSSQASVHCSS
geospiza_fortis,A0A6I9HNA4,MAAPSGALRLRTALHREPGEQWRWREAPKVEVYARSRAEEGKANTLHCFVTGFHPPKIDIELLKNGVPMPGVTYGDLSFNDKWQFQRLVYAPFTPTTEDIFSCRVAHSTMPEARDYKWEPDF
lepidothrix_coronata,A0A6J0HER7,MERSVLWFAALVLLALLGPGDAADQPPKVEVYARTRAKEGQANTLHCFITGFHPPKIKVELLKNGEPMTGVEYGDLSFNEKWQFQRLVYVPFTPTKGDIFACRVEHSTMSEPRIYRWEPDF
pipra_filicauda,A0A6J2IEC6,MERSVVGFAALVLLALLGPGDAADQAPKVEVYARTRAEEGQANTLHCFITGFHPPKIKVELLKNGEPMTGVQYGDLSFNEKWQFQRLVYVPFTPTRGDTFACRVEHSTMSEPRIYRWEPDF
aythya_fuligula,A0A6J3DNM4,MGLAAKAAIVALVALVALLGQGQAKAAPKVQVYSRHPATAGTENVLNCYVEGFHPPKIDITLLKNGEPMKDVKYNDMSFGDDWTFQRLVYATFTPTKSDVYTCRVTHEAFQEPQFFRWEPDF
sinosuthora_webbiana,A0A7K4U891,MVRGVLAFGVLVLLALPGLEAAGEAPKVEVYARSRAEEGKENVLHCFITGFHPPKIDIELLKNGEPMPGVTYGDLSFNEKWQFQRLVYAPFIPTREDIFTCKVVHSSMPEPAIYRW
emberiza_fucata,A0A7K4VP59,MARGALVLGVLVLPALLGLGAAAEPPKVEVYARSRAEEGKENTLHCFVTGFHPPKIDIELLKNGEPMPGVQYGDLSFNDKWQFQRLVYAPFIPTREDIFSCRVAHSTMPERRNFIWGMLC
regulus_satrapa,A0A7K4XU29,MARGVLCLVLLALLALLDVEAAGEAPKVEVYARSRAVEGKENTLHCFVTGFHPPKIDIELLKNGEPIADVKYGDLSFNEKWQFQRLVYAPFTPTRDDIFTCRVAHSTMAEPGVFKWGTLR
furnarius_figulus,A0A7K5ANK0,MEERVLQLGVLVLLALFGPGHATDHSPKVEVYSRTRAVEGEQNILHCFVTEFHPPKIKIELLKNDQPMDEVKYGDLSFNEKWQFQRLVYAPFTATRDDTFACRVTHSTMREPQIYRW
polioptila_caerulea,A0A7K5E4V0,MARGPLALVVLALLALVGLAAASEAPKVEVYARSRAEEGKENILHCFVTGFHPPKIDIELLKNGEPLPDVTYGDLSFNEKWQFQRLVYAPFTPTRGDIFTCRVTHSTMAEPHAYRW
toxostoma_redivivum,A0A7K5JDR8,MARGALALGVLALLALLGQEAAGEEPKVEVYARSRAQEGKENTLHCFVSGFHPPKIDIELLKNGNPIPDVKYGDLSFNDKWQFQRLVYVPFIPTRGDTFSCRVVHSTMTEPRIYRW
cardinalis_cardinalis,A0A7K5MLT3,MARRALALGVLALLALLGLGAAAEAPKVEVYGRSRAEEGKANILHCFVTGFHPPKIDIELLKNGVPIPGVTYGDLSFNDKWQFQRLVYAPFIPTREDIFSCRVAHSTMPEPRDYIW
erythrocercus_mccallii,A0A7K5PH67,MARSVLALGVLVLLALPGLEAAAAGPKVEVYARSRAEVGKENTLHCFVTGFHPPKIDIELLKNGEPMPGVTYGDLSFNEKWQFQRLVYAPFIPTREDVFSCRVAHSTMPEPSVYRW
prunella_himalayana,A0A7K5QVR9,MARGALALGVLALLALLGLAAAGEAPKVEVYARSRAEEGKENTLHCFVTGFHPPKIDIELLKNGEPIPGVKYGDLSFNEKWQFQRLVYVPFTPKKGDTFSCRVAHSTMSEPRIYRWGKLS
cephalopterus_ornatus,A0A7K5TXF0,LGFLVLLALLGLGHAADTVPKVEVYARTHAVEGQANTLHCFVTDFHPPKIEVELLKNGEPMTGVQYGDLSFNDKWQFQRLVYVPFTPTKGDTFSCRVAHSTMPEPRIYRW
platysteira_castanea,A0A7K5VM11,MAQGALALGVLALLALLCLGSASEAPKVEVYARSRAEEGKENVLHCFATGFHPPKIDIELLKNGEPIPGVTYGDLSFNEKWQFQRLVYAPFIPTRGDVFVCRVAHSTMAEPGIYRW
hylia_prasina,A0A7K5WRH6,MVRGVLGLGLLVLLALPGLEATGETPKVEVYARSRAEEGKENILHCFITGFHPPKIDVQLLKNGEPMPGVTYGDLSFNEKWQFQRLVYAPFIPTREDIFTCRVVHSTMPAPGIYRW
upupa_epops,A0A7K6AQ44,AAGAMAVVPRMLLLLGLIGLVRAGEVPKVEVYSRHPADSGQRNTLICYVSGFHPPQINITLLKNGEPMSDVKYTDMSFNDKWLFQRMAYTDFIPKEDDLFVCRVAHSTLSEPQSYRW
ptilonorhynchus_violaceus,A0A7K6C701,MARGVLALGVLALLALLGLGAAGEAPKVEVYARSRAEEGKENVLHCFVTGFHPPKIDIELQKNGEPIPGVQYGDLSFNEKWQFQRLVYATFIPTREDTYTCRVVHSTMPEPRTYRW
origma_solitaria,A0A7K6CWG4,MARGALAFGVLALMALLGLGAAAETPKVEVYARSRAEEGKENILHCFVTGFHPPQIDIELLKNGEPIPGVKYGDLSFNDKWQFQRLVYVPFTPTKDDIFTCRVAHSTMAEPRTYRWGTLC
grantiella_picta,A0A7K6E393,MARGTLAFGVLALLALLGLGAAGEAPKVEVYARSRAEEGKENILHCFVADFHPPEIDIELLKNGEPIPDVKYGDLSFNEKWQFQRLVYAPFTPTRGDVFICRVAHSTMPEPRTYRWGMLC
daphoenositta_chrysoptera,A0A7K6FXZ1,MARGALALGVLALLALLGLGAAGEAPKVEVYARSRAEEGKENTLHCFVTGFHPPKIDIQLLKNGEPIPGVQYGDLSFNEKWQFQRLVYVPFTPTMGDTFVCRVAHSTMAEPRSYRW
dasyornis_broadbenti,A0A7K6HY43,MARGALAFGVLALLALLGLGTAAEAPKVDVYARSRAKEGQENTLHCFVTGFHPPKIDITLLKNGEPIPGVTYGDLSFNEKWQFQRLVYVPFVPTRGDTFACRVAHSTMAMPQTYRW
machaerirhynchus_nigripectus,A0A7K6IVE9,MAQGALALGVLALLALLCLGAASEGSGEAPKVEVYARSRAEEGKENILHCFITGFHPPKIDIELLKNGERIPGITYGDLSFNERWQFQRLVYAPFTPTREDTFVCRVAHSTMPEPRNYQW
oreocharis_arfaki,A0A7K6K2I4,MARGALALGALALLALLGLGAAGEAPKVEVYARSRAEEGKENTLHCFVTGFHPPKIDIELLKNEEPIAGVKYGDLSFNEKWQFQRLVYVPFTPTSGDTFACRVAHSTMPEPRIYRWGTLC
falcunculus_frontatus,A0A7K6LV10,MAWGALTLGLLALLALLGLGATGEAPKVEVYARSRAEEGKENTLHCFVTGFHPPKIEIDLLKNGERIPGVKYGDLSFNERWQFQRLVYVSFTPTRDDTFVCRVVHSTMAEPRIYRWGTLC
panurus_biarmicus,A0A7K6M6Z4,MARGALALGVLALIALFGLEEASEAPKVEVYARSRAEEGKANTLHCFVTGFHPPKIDIQLLKNGKPMPDVKYGDLSFNEKWQFQRLVYAPFTPTRGDTFSCKVAHSTMAEPHIYRWGMLC
ifrita_kowaldi,A0A7K6PJT4,MARGARALGVLALLALLGLGAAGEAPKVEVYARSRAEEGKENTLHCFVTGFHPPKIDIQLLKNGEPISGVMYGDLSFNEKWQFQRLVYVPFTPTREDVFVCRVAHSTMAEPRVYRWGTLC
climacteris_rufus,A0A7K6QJ73,MERGTLALAVLALLALLGLGATVEPPKVEVYARSRPEEGKENILQCFVTGFHPPKIDIELLKNGEPIPDVKYGDLSFNDKWQFQRLVYGTIHPFKGETYSCRVVHSSMPQPQTYRWGTLC
caloenas_nicobarica,A0A7K6TF36,VGLLVLVALLGLGEADEAPKVEVYSRKIAAPGQENTLNCFVSGFHPPQIDITLLEDGKPMSGVQYADMSFDDKWFFQRLVYVPFTPQKGSTYVCRVSHSTFREPQSFRW
notiomystis_cincta,A0A7K6VNE3,MARGTAALGALALLALLGLQAAAEAPKVEVYARSRAEEGKENTLHCFVTGFHPPKIDIELLKNGEPIPDVKYGDLSFNEKWQFQRLVYVPFTPTRDDTFTCRVAHSTMVGPRVYRWGTLC
promerops_cafer,A0A7K6Y0Y5,MARGVLALGVLVLLALLGLGAAAEAPHVEVYARSRAEEGKENTLHCFVTGFHPPKIDIELLKNGERIPGVKYGDLSFNEKWQFQRLVYVPFIPTRGDIFTCRVVHSTMSEPHIYRWGMLC
aphelocoma_coerulescens,A0A7K7CHX1,MARGMLALGLLALLGLGAAAEPPKVEVYARSRAEEGQQNTLHCFVTGFHPPKIDIELLKNGEPISGVTYGDLSFNDKWQFQRLVYVPFTPTRGDTFACRVAHSTMTEPRIYRWGTLC
pheucticus_melanocephalus,A0A7K7DQH5,MARRALALGVLALLALLGLGAAAEAPKVEVYGRSRAEEGKANTLHCFVTGFHPPKIDIELLKNGVPIPDVTYGDLSFNDKWRFQRLVHAPFIPTREDTFSCRVMHSTMPEPRDYEWGTLC
sylvia_atricapilla,A0A7K7E888,MVRGLLALGVLVLLALPGLEAAGESPKVEVYARSRAEEGKENVLHCFVTGFHPPKIDIELLKNGERMPGVTYGDLSFNEKWQFQRLVYAPFIPTREDIFTCRVAHSTLPKPDTYRWGMLC
erithacus_rubecula,A0A7K7GII7,MARGALALGLLALLALLGQGAAAEMPKVEVYARSRAEEGKMNTLQCFVAGFHPPKIDIQLLKNGEPLPDVQYGDLSFNEKWQFQRLVHAPFIPTRGDEFVCRVVHSTMPEPRSYRWGMLY
loxia_curvirostra,A0A7K7JBI7,MARRDLVLGVLALLALLGLGAAAEAPKVEVYARSRAEEGKENILHCFVSGFHPPKIDIELLKNGQPIPGVKYGDLSFNEKWQFQRLVYVPFTPTRDDIFSCRVAHSTMPERRDYKWGMLC
agelaius_phoeniceus,A0A7K7JXQ6,MARGALALGVFALLALLGLGAAAEAPKVEVYARSRAEVGKANTLHCFVSGFHPPKIDIELLKNGVPVPGVTYGDLSFNDKWQFQRLVYAPFTPTREDIFSCRVAHSTMPAAHDYVWGMLC
brachypodius_melanocephalos,A0A7K7MJX0,MVRGALVLGVLVLLALPGLEAAGEAPKVEVYARSRAEEGKENILHCFITGFHPPQIDIKLLKNGEPMPGVTYGDLSFNEKWQFQRLVYAPFVPTRDDIFTCKVVHSTLREPGIYRWGMLC
acrocephalus_arundinaceus,A0A7K7PHZ4,MLREVLALGVLVLLALPGLEAAGEAPKVEVYARSRAEEGKENILHCFITGFHPPKIDVELLKNGEPMPGVTYGDLSFNDKWQFQRLVYVPFIPTREDIFTCRVAHSTMPEPRSYRWGMPC
poecile_atricapillus,A0A7K7R3T3,MARGTLALGLLVLLALLDVEAAGEVPKVEVYARSRAKEGEENTLHCFVTGFHPPKIDIELLKNGEPIPDVKYGDLSFNEKWQFQRLVYVPFTPTRGDTYTCKVAHSTMAEPQLYRWGTLC
nesospiza_acunhae,A0A7K7REX1,MARRALALGVFALLALLGLGAAAEAPKVEVYARSRAEPGKENTLHCFITGFHPPKIDIELLKNGKPIPGITYGDLSFNDKWQFQRLVYAPFTPTKEDIFSCRVAHSTMPEPRNYIWGMLC
sapayoa_aenigma,A0A7K7SVR0,MERGVLALGVLVLLALLGLGDAAKAPKVEVYARSRAVEGERNTLHCFVTGFHPPNIDVELLKNDEPMPNVEYGDLSFNEKWQFQRLVYAPFVPTRGDIFVCRVTHSSMPGPQTYRWGTVS
mohoua_ochrocephala,A0A7K7Y051,MARGALALGVLALLALLDLGAAGEAPKVEVYARSRAEEGKENTLHCFVTGFHPPKIDIELLKNGEPISKVTYGDLSFNEKWQFQRLVYVPFTPTKGDTFACRVAHSTMAEPRIFQWGTLC
thryothorus_ludovicianus,A0A7K7YQP9,MAQGFLVLGVLALLVLVGLEAASEAPKVEVYARSRAEEGKENILHCFVTGFHPPKIDIELLKNEEPIPDVKYGDLSFNEKWQFQRLVYVPFTPTRGDTFSCRVTHSTMAEPHIYRW
melanocharis_versteri,A0A7K8A5U2,MARGALALGVLALLLPLVVEAAGGAPKVEVYARSRAEEGKENVLHCFITGFYPAKIDIELLKNEEPIPDVKYGDLSFNEKWQFQRLVYVPFTPTREDTFSCRVAHSSMAEPRTYRW
cnemophilus_loriae,A0A7K8BC28,MARGALVLGVLALLALIDLEAAGEAPKVEVYARSRAEEGKENTLHCFVTGFHPPKIDIELLKNGKPIPDVKYGDLSFNEKWQFQRLVYVPFTPTREDTFLCRVAHSSMAKPQIYRW
rhagologus_leucostigma,A0A7K8CG55,MAQGALAFGVLALLALLGLGAAGEAPKVEVYARSRPEEGKENILHCFVTGFHPPKIDIELLKNGEPIPDVKYGDLSFNEKWQFQRLVYAPFIPTREDTFVCRVAHSTMAEPRIYRW
eulacestoma_nigropectus,A0A7K8DBU6,MARGSLALGLLALLSLLGLGAADETPKVEVYARSRAEEGRENILHCFVTGFHPPKIDIELLKNGEPIPGVNYGDLSFNEKWQFQRLVYVPFTPTKGDTFVCRVAHSTMAEPRIYRW
leucopsar_rothschildi,A0A7K8DZH3,MARGALALGVLALLALLGQEAAGEAPKVEVYARSRAEEGKENTLHCFVTGFHPPKIDIQLLKNGNSIPDVKYGDLSFNEKWQFQRLVYVPFIPTRGDTFSCRVVHSSMAEPLIYRW
struthidea_cinerea,A0A7K8FQ89,MVRGALALGVLALLALLGLGAASEAPKVEVYARSRAEEGEQNILHCFVTGFHPPKIDIGLLKNGEPISGVTYGDLSFNEKWQFQRLVYAPFTPTKDDTFACRVEHSTMAEPRIYRW
orthonyx_spaldingii,A0A7K8GYR7,ALALGVLALLALLGLGAAAEAPKVEVYARSRAEEGKENTLHCFVTGFHPPRIDIELLKNGEPIPDVKYGDLSFNEKWQFQRLVYVPFTPTTGDTFACRVAHSTMAEPRIYRW
aleadryas_rufinucha,A0A7K8HZP0,MVRGALTLGVLALLALLGLGAADGAPKVEVYARSRAEEGKENTLHCFVTGFHPPNIDIELLKNGERIPGVKYGDLSFNDKWQFQRLVYAPFTPTRDDIFVCRVAHSTMAEPRIYRWGTLC
chaetorhynchus_papuensis,A0A7K8IPS9,MARGALALGLLALLALLGLGAAGEAPKVEVYARSRAEEGVQNTLHCFVTGFHPPQIDIELLKNGKPISGVVYGDLSFNEKWQFQRLVHVPFTPTKDDIFVCRVAHSTMAEPRIYRWGMLC
ptilorrhoa_leucosticta,A0A7K8MI53,MARGALALGVLALLAVLGLGAAGEAPKVEVYARSRAEEGKENILQCFVTGFHPPKINIELLKNGEPIPGVTYGDLSFNEKWQFQRLVYAPFTPTAGDTFACRVVHSTMAEPRIYRWGTLC
rhodinocichla_rosea,A0A7K8RI21,MARGALALGVLALLALLGLGAAAEAPKVEVYARSRAEEGKENTLHCFITGFHPPKIDIELLKNGEPLPDVKYGDLSFNDKWQFQRLVYAPFTPTRDAIFSCRVGHSTMPEPRNYIWGMLC
sclerurus_mexicanus,A0A7K8VVL2,MERRVLGLGVLLLLLALLGPGHATDHPPKVEVYSRTHAVEGVQNILQCFVTGFHPPRIHIELLKNDQPMADVQYGDLSFNEKWQFQRLVYAPFIPTRDDIFACRVTHSTMPEPQTFRW
eubucco_bourcierii,A0A7K8X6V7,SVGVLLLLALVGLGNADEAPKVEVYSRKDVANGEGNVLHCFVSGFHPPQITITLLKNGKPMSDVKYTDMSFNDKWHFQQLVYAPFTPQRGDIFSCRVVHSTLPEGQTYRW
sakesphorus_luctuosus,A0A7K8YX81,MGPGVLGLGVLVLLALLGPGDATDHAPNVDVYARTRAVEGVENTLHCFITGFHPPKIDVELLKNGEPMPNVKYGDLSFNEKWRFQRLVYAPFVPVRGDEYTCRVMHSTMAEPQTYRW
grallaria_varia,A0A7K8ZPA9,MERGVLALAVLALLALPGPGDATDQAPKVEVYARTRAVEGEKNTLHCFVTGFHPPKIEVKLLKNGQPMDEVKYGDLSFNEKWQFQRLVYAPFTARKGDTFACRVMHSTMQEPRTYRW
loxia_leucoptera,A0A7K9H4L3,MARRDLVLGVLALLALLGLGAAAEAPKVEVYARSRAEEGKENILHCFVSGFHPPKIDIELLKNGQPIPGVKYGDLSFNEKWQFQRLVYVPFTPTRDDIFSCRVAHSTMPERRDYKW
bucco_capensis,A0A7K9IB83,RLAVNLGVLLLVALVGHGDADAAPKVEVYSRKQAVNGQENVLNCFASGFHPPMIDITLLKNGKPMSNVQYSDMSFNDEWFFQRLVHAPFTPQSGDVYACRVNHSALKEPQTFLW
dicaeum_eximium,A0A7K9JU25,MARGTLALGLLALLALLGLGTADEAPKVEVYARSRAEEGKANVLQCFVTGFHPPRIDIELLKNGEPMADVKYGDLSFNEKWLFQRLVYAPFIPTREDVFTCRVVHSTMTEPRSYRWGMLC
rhabdornis_inornatus,A0A7K9L854,RGAVALGVLALLALLGQEAAGEAPKVEVYARSRAEEGKENILHCFVTGFHPPKIDIELLKNGNPIPDVKYGDLSFNENWQFQRLVYVPFIPTRGDIFSCRVAHSTMTEPRIYRW
oceanodroma_tethys,A0A7K9MI58,ALKVGVLVLIALVGLGEADEAPKVEVYSRHVTDGKKNTLNCFVSGFHPPKIDISLLKNGEPMSDVQYADMSFNDKWYFQRLVYAPFTPKKGDVYVCRVVHSTFREPQLFQW
irena_cyanogastra,A0A7K9QMK4,MAQGALAFGVLALLAVLGLGTAAESPKVEVYARSRAEEGKENTLHCFVTGFHPPKIDIELLKNGDPIPGVTYGDLSFNENWQFQRLVYAPFIPTRGDMFSCRVSHSTMSEPHTYLW
sterrhoptilus_dennistouni,A0A7K9RGY2,MVRGVLALGVLALLALPGLEAAGESPKVEVYARNRAEEGKENVLHCFITGFHPPQIDIELLKNGEPMPGVTYGDLSFNEKWQFQRLVHAPFTPTREDIFTCKVVHSSMAEPATYRWGMLC
anseranas_semipalmata,A0A7K9USF1,AAVVALLALLALLGWGQAKEAPKVQVYSRYPVKLGEENVLNCYVEGFHPPKIDITLLKNGQPMENVQYSDTSFSDNWTFQRLVHAAFTPTAHDVFVCRVDHEAFKEPQSFRW
rhipidura_dahli,A0A7K9W3N9,AMAWGILALGVLALLGLGAAGEAPKVEVYARSRAEEGMQNTLHCFVTGFYPPKIDIELLKNGEPISDVVYGDLSFNEKWQFQRLVYAPFTPTRDDTFVCRVVHSSMAEPRIYRW
psophia_crepitans,A0A7K9XRP2,AAKVAALVLVALLGLGAADEAPKVEVYSRQRAAEGEKNTLNCFVSGFHPPKIDIALLKNGEPMSDVQYADMSFNNKWQFERLVYAPFTPRRGDIYVCRVTHSAFPEPQSFRW
dicrurus_megarhynchus,A0A7L0A381,MAQGALALGVLALLALLGLGAAGEAPKVEVYARSRAEEGKQNILHCFVTGFHPPTIDIELLKNGEPISGVMYGDLSFNEKWQFQRLVYVPFTPTRDDIFVCRVEHSSMAEPRIYRW
arenaria_interpres,A0A7L0ICS9,GAMELAGKVAVLVLLVGLVAADEPPKVEVYSRKRAVAGEENTLNCFVSGFHPPKIDITLLKNGQPMSDVKYADMSFNEKWYFQRLVYVPFTPQKGDTYACRVVHSALPEPQVFQW
piprites_chloris,A0A7L0IYF5,LGFLVLLALLGLGHAVAHPPKVEVYARTRAVEGQENTLHCFVTGFHPPKIEVELLKNGEPMTGVKYGDLSFNEKWQFQRLVYVPFTPTRGDTFACRVAHSTMPEPLTYRW
sylvietta_virens,A0A7L0LC07,MVRGALALGVLVLLVLPGLEAAGEAPKVEVYSRSRPEEGKNNILQCFVTGFYPPEIDIQLLKNGEPMPGVEYGDLSFNEKWRFQRLVHAPFIPTRDDVFVCKVVHSTMPEPGVYRWGMLC
setophaga_kirtlandii,A0A7L0QLD4,MARRALALGVLALLALLGLGAAAEAPKVEVYARSRAEEGKENILHCFITGFHPPKIDIQLLKNGVPMPGVKYGDLSFNDKWQFQRLVYAPFIPTREDIFSCRVEHSTMPAPRDYRW
alectura_lathami,A0A7L0VXT1,RRAVVVVVVALLALLSLGQAKSAPKVQVYSRFPVKMGSENVLNCYVEGFHPPKIGIALLKDGVPMEGVQYSDMSFNDDWTFQRLAHVPFTPAKDAVYACQVEHEAFAEPQLFRWGKAF
ploceus_nigricollis,A0A7L0Y6I8,MAQGALALGVLALLALLGLGAAGEVPKVEVYARSRAEVGKENVLHCFVTGFHPPKIDIQLLKNGEPIPDVKYGDLSFNDKWQFQRLVYVPFTPTRDDTFSCRVVHSTVPEPRVFRW
oxyruncus_cristatus,A0A7L0ZCY8,LGLLVLLALLGPGHATDQAPKVEVYARAHAVEGQANTLHCFITGFHPPKIEVELLKNGEPMTDVNYGDLSFNEKWQFQRLVYAPFTPTRGDIFACRVAHSTMSEPLTYRW
gymnorhina_tibicen,A0A7L1B8G6,MAQRALALGVLALLALLGLGAASEAPKVEVYARSRAEEGAENTLHCFVTGFHPPKIDIELLKNGVPIPGVKYGDLSFNEKWQFQRLVYVPFTPTKGDTFACRVAHSTMAEPRIYRW
illadopsis_cleaveri,A0A7L1BNF1,MVRGVLALGVLVLLALPGLEAADEAPKVEVYARSRAEDGKENVLHCFVSGFHPPKIDIELLKNGEPMPGVTYGDLSFNDKWQFQRLVYAPFTPTKGDSFSCRVAHSTMRVPATYRW
serilophus_lunatus,A0A7L1CQ91,MDRGVLALGVVALLALLGLGDAKNQPPKVEVYARSRPVEGQGNILQCHVTGFSPEDILVELLKNGEPMTDVTYGDLSLDEKRQFQRLVSAPFTPSRDDVFTCRVIHVALEEGTQTYRW
oenanthe_oenanthe,A0A7L1DVT6,MARGALALGLLALLALLGQEAAAEAPKVEVYARSRAEEGKANTLHCFVTGFHPPKIDIELLKNGEPLPDVQYGDLSFNDKWQFQRLVHAPFIPTRGDTFVCRVAHSTMPEPRSYRWGMLY
sylvia_borin,A0A7L1F6M6,MERGVLALGVLVLLALPGLEAAGESPKVEVYARSRAEEGKENVLHCFVTGFHPPKIDIELLKNGERMPGVTYGDLSFNEKWQFQRLVYAPFIPTREDIFTCRVAHSTLPKPDTYRW
bombycilla_garrulus,A0A7L1MK90,MVRGALPLGVLALLALLGLGATAEAPKVEVYARSRAEEGEENILQCFVSGFHPPKIDIELLKNGEPIPGVKYGDLSFNEKWQFQRLVYAPFTPTKEDLFVCRVSHSTMPEPRSYRW
oriolus_oriolus,A0A7L1P4B7,MARGTLTLGVLALLALLGLGAAGEAPKVEVYARSLAEEGVPNILHCFVTGFHPPKIDIELLKNGEPLPGVKYGDLSFNEKWQFQRLVHAPFTPTRGDVFVCRVAHSTMPEPRNYQW
cisticola_juncidis,A0A7L1QEJ5,MARGVLAVAALVLLALPGLEAASEAPKVEVYARSRAEEGKENILQCFINGFHPPKIDVELLKNGEPMPGVTYGDLSFNEKWQFQRLVYAPFIPTREDVFTCRVVHSSMPEPRIYRW
helopsaltes_ochotensis,A0A7L1RAH1,MLRGALLLGVLVLLALPGLEAAGEAPKVEVYARTRAEEGKPNTLHCFVTGFHPPKIDIKLLKNGEPMPGVTYGDLSFNEKWQFQRLVYAPFIPTREDIFVCRVVHSTMSEPGTYRW
phainopepla_nitens,A0A7L1TX55,MARGALALGVLALLALLGLGAAAEAPKVEVYARSRAEEGKENTLQCFVSGFHPPKIDIELLKNGQPIPGVKYGDLSFNEKWQFQRLVYAPFTPTKHDLFTCRVMHSTMPEPRSYRWGMLC
sitta_europaea,A0A7L1V5G2,MARGALLLGLLALLALLGLEAASEAPKVEVYARSRAEEGKENTLHCFVTGFHPPKIDIELLKNEEPIPGVKYGDLSFNEKWQFQRLVYAPFTPTRGDIFTCRVAHSTMPEPRSFRW
certhia_brachydactyla,A0A7L1W8L1,MARGLLVLGVLALLGLEAASEAPKVEVYARSRAEEGKENTLHCFVTGFHPPKIDIELLKNGEPIPDVKYGDLSFNEKWQFQRLVYVPFTPTKSDIFTCKVAHSTMAEPRIYRW
thinocorus_orbignyianus,A0A7L1XLY2,LGRVTLLVLLAGLVAADEAPKVEVYARKRAVVGEENILNCFVSGFHPPKIDITLLKNGEPMSGVKYADMSFNEKWYFQRLVYVPFTPQKGDVYACRVVHSALPGPQVYQW
scytalopus_superciliaris,A0A7L1Z7H4,MERGVLGLGLVVLLALLGPGNATDRAPKVEVYARSRAVEGEKNTLHCFVTGFHPPKIEVELLKNDRPMPEVKFGDLSFNDKWQFQRLVYAPFTATKGDTFACRVMHSTMAAPQTYRW
leiothrix_lutea,A0A7L2A3J4,MVRGLLALGALVLLALPGLEAAGESPKVEVYARSRAEEGKENVLHCFITGFHPPKIDIELLKNGEPMTGVTYGDLSFNEKWQFQRLVYAPFIPTREDIFSCRVSHSTMSEPATYRW
heliornis_fulica,A0A7L2B4T8,VAAGVLLLIALLGPGGADEAPKVEVYSRKHAREGEPNTLNCFVSGFHPPKIDITLLKNGEPMSNVQYADMSFNNKWQFQRLVYAPFTPQKSDIYVCRVTHSAFKEPQSFRW
alaudala_cheleensis,A0A7L2C0N9,MARRVLALTVLALLALLGVEATGEAPKVEVYARSRAEEGKENVLHCFISGFHPPTIDVQLLKNGVPMPDVKYGDLSFNEKWQFQRLVHAPFIPTREDIYVCRVVHSSMPEPRVYRWGMLC
catharus_fuscescens,A0A7L2CT54,MARDALVLSLLALLAMLGQEAAGEAPKVEVYARSRAEEGKENILHCFVTGFHPPKIDIELLKNDKPIPDVKYGDLSFDEKWQFQRLVYVPFVPTRGDTFSCKVAHSTMAEPRIYRW
anthoscopus_minutus,A0A7L2E5Z1,MARGALALRLLVLLALLGLEAADEAPKVEVYARSRAEEGKENTLHCFVTGFHPPKIDIELLKNGEPIPDVKYGDLSFNEKWQFQRLVYAPFTPTRGDIFACRVAHSTMTEPQIYRW
nyctibius_grandis,A0A7L2GY90,ALRVAVLVLVGLVGLGRADAPSPQTPKVEVYSRKHVTPGQENTLNCFVSGFHPPKIDITLLKNGEPMSDVQYADMSFNDKWYFQRLVYVPFVPEKGSVYNCRVDHAAFREPQLYRW
sagittarius_serpentarius,A0A7L2HM97,SLSLGVLVLIALVGLGEADEAPKVEVYSRKHVTDGEENTLNCFVSGFHPPKIDISLLKNGEPMSDVKYTDMSFDDKWYFQRLVYAPFTPKKGDVYICRVAHSAFAEPQSFRW
cinclus_mexicanus,A0A7L2JM12,MARGALALGVLALLALLGQEAAGEAPKVDVYARSRAKEGEENTLHCFVTGFHPPKIDIELLKNGKPIPDVKYGDLSFNEKWQFQRLVYVPFTPTRGDTFSCRVAHSTMPEPLTYRWGMPC
zosterops_hypoxanthus,A0A7L2KL72,MVRGVLVLGVLALLALPGLEAAGETESPKVEVYARNRAEEGKENVLHCFITGFHPPKIDIELLKNGEPMPDVTYGDLSFNEKWQFQRLVYAPFIPTREDVFTCRVVHSSMAGPATYRWGMLC
hippolais_icterina,A0A7L2M4W6,MSRGVLALGVLVLLALPGLEAAGEAPKVEVYARSRAEEGKENILHCFITGFHPPKIDVELLKNGEPMPGVTYGDLSFNDKWQFQRLVYVPFIPTREDIFTCRVAHSTMPEPRSYRW
pycnonotus_jocosus,A0A7L2PH40,MVRGALVLGVLVLLALPGLEAAGEAPKVEVYARSRAEEGKENILHCFITGFHPPKIDIELLKNGEPMPGVTYGDLSFNEKWQFQRLVYAPFVPTRDDIFACRVVHSTMREPGTYRW
hypocryptadius_cinnamomeus,A0A7L2PJI9,MARGALALGVLALLALLGLGAAAEAPKVEVYARSRAEEGRGNILHCFVTGFHPPKIDIELLKNGEPMPDVTYGDLSFNDKWQFQRLVYAPFIPTRGDIYSCRVVHSTMPAPSNYIW
pomatostomus_ruficeps,A0A7L2SXI6,MVRGALALGVLALLAVLGLGAAGEAPKVEVYARSRATEGKENVLHCFVTDFHPPKIDIELLKNGQPIPDITYGDLSFNEKWRFQRLAYVHFTPTKEDIFVCRVAHSTMPEPRTYMW
erpornis_zantholeuca,A0A7L2XXK9,MARGVLALGVLALLALLGLGAADQAPKVEVYARARAEEGKENVLHCFISGFHPPKIDVQLLKNGEPMPDVQYGDLSFNDKWQFQRLVYAPFIPTRGDTFVCRVAHSTMAEPRSYRW
jacana_jacana,A0A7L2YH13,LAGKVAVLVLLIGLVAADGAPKVEVYARKRAAVGEENTLNCFVSGFHPPKIDITLLKNGEPMSDVKYADMSFNEKWYFQRLVYVPFTPQKGDVYACRVVHSTLPEPQVFQW
prunella_fulvescens,A0A7L3AFU2,IAQGAMALGVLALLALLGLAAAGEAPKVEVYARSRAEEGKENTLHCFVTGFHPPKIDIELLKNGEPIPGVKYGDLSFNEKWQFQRLVYVPFTPTKGDTFSCRVAHSTMSEPSIYRWGKLC
buphagus_erythrorhynchus,A0A7L3HB14,MAGGALALGVLALLMLLGQEAAGEAPKVEVYARSRAKEGKENTLHCFVTGFHPPKIDIELLKNGNPIPDVEYGDLSFNDKWQFQRLVYVPFIPTRGDTFSCRVAHSTMTEPRIYRWGMLC
pardalotus_punctatus,A0A7L3I6T1,MVPRALALGVLALMALLGLGAADEMPKVEVYARSRAEEGKENTLHCFVAGFHPPKIDIELLKNGEPIPDVKYGDLSFDEKWQFQRLVYVPFTPTRDDIFVCRVAHSTMPEPQIYRWGTLC
drymodes_brunneopygia,A0A7L3KHD9,MARGALALGALVLLALLGLEEXSVPPKVEVYARSRAKEGEANTLQCFVTGFHPPKIDIELLKNGEPIPDVKYGDLSFNEKWQFQRLVYAPFTPTKDDTFVCRVVHSTMPEPRIYRWGMLC
horornis_vulcanius,A0A7L3ME93,MARGTLALGVLLLLALPGLEAAGEKPKVEVYARSRAEEGKENILHCFITGFHPPKIDIQLLKNGEPMPDVTYGDLSFNEEWKFQRLVHAPFIPTKEDIFTCRVVHSSMPEPLVYRWGMLC
cettia_cetti,A0A7L3QVW3,MARGALALGVLLLLALPGLEAAGEEPKVEVYARSRAEEGKENILQCFITGFHPPKIDIELLKNGEPMPGVTYGDLSFNEEWKFQRLVYAPFFPTREDIFSCKVVHSTMPEPRVYRWGMPSL
molothrus_ater,A0A7L3VUG4,MARGALALGVFALLALLGLGAAAEAPKVEVYARSRAEVGKANTLQCFVTGFHPPKIDIELLKNGVPVPGVTYGDLSFNDKWQFQRLVYAPFTPTREDVFSCRVAHSTMPAPRNYIWGMLC
eurystomus_gularis,A0A7L4DP39,VGLLALVALASLGSADEAPKVEVYSRKQGAKGEENVLNCFVSGFHPPKIDITLLKNGEPMSGVSYSDMSFNDKWYFQRLVYAPFTPQSGDVYTCRVAHSTLKEPMSYRW
hirundo_rustica,A0A7L4ERV7,MARGALALGVLVLLALPGLEAAGEAPKVEVYARSRAEEGKENILHCFVAGFHPPKIDIELLKNGVPMPGVTYGDLSFNEKWQFQRLVYAPFVPTRDDTFVCRVMHYSTMSEPVVYRWGMLC
pomatorhinus_ruficollis,A0A7L4JB88,MVRRVLALGVLVLLALPGLEAAGESPKVEVYARSRAEEGKENVLHCFITGFHPPKIDVELLKNGEPMPGVTYGDLSFNERWQFQRLVYAPFIPTREDVFSCRVVHSTMPDPATYRWGM
callaeas_wilsoni,A0A7L4LEJ2,MARGAVVLGLLALLALLGLVTAGEAPKVEVYARSRAEEGKENTLHCFVTGFHPPKIDIELLKNGEPIPDVKYGDLSFNEKWQFQRLVYVPFTPTKGDTFTCRVAHSTMAEPRIYRWGMLC
chloropsis_hardwickii,A0A850V3T6,MARGALALGVLALLALLGLGAAAEAPKVEVYARSRAEEGKENILHCFVTGFHPPRIDIELLKNGQPMPGVTYGDLSFNEKWQFQRLVYVSFIPTKGDSFACKVAHSTMAEPAVYRWGMLC
aegithalos_caudatus,A0A850XU10,MARQTLVLGVVLLLALPGLEAASEAPKVEVYARSRAEEGKENILHCFVTGFHPPKIDIELLKNGEPMPGVTYGDLSFNEKWQFQRLVYAPFIPTREDTFACRVAHSTMPNARVFQW
tichodroma_muraria,A0A850Z4V4,MARGAVALGVVVLLALLGLGAAGEAPKVEVYARSHAEEGKENTLQCFVTGFHPPKIDIELLKNGEPIPGVKYGDLSFNEKWQFQRLVYVPFTPTKGDTFSCRVAHSTMAEPRIYRWGMLC
picathartes_gymnocephalus,A0A851B8F5,MQRGSLAFGALALLALLGLTAAGEAPKVEVYARSRAEEGKENVLHCFVTGFHPPKIDIELLKNGEPIPGVKYGDLSFNEKWQFQRLAYVPFTPTKDDTYSCRVAHSTMPEPRFYRWGMLF
calyptomena_viridis,A0A851CKQ3,MQRGVLALGVLVLQALLGLGDATNQVPKVEVYARSRAVEGQPNTLQCFLTGFHPPKIEVELLKNGEPMPGVKYGDLSFDEKWQFQRLVYAPFTPTTGDTFACRVIHSTLSGPQTFRWGTLS
todus_mexicanus,A0A851DQN1,RGVLLVLLALVALVGLGSADEAPKVEVYSRKHGSTGQGNVLNCFVSGFHPPKIDITLLKNGQPMPDTQQTDMSFNDKWFFQRLVYAPFSPQSGDIYTCRVVHSAFKEPQIYRW
pitta_sordida,A0A851EZY8,MERSVLVLGVLALLALLGLGDANKQAPKVEVYARSRAAEGKANTFHCFITDFHPPQITVELLKNGEPMNDVKYGDLSFDDKWQFQRLVYAPFTPRRGETYACRVTHSSMEGPQTFQW
donacobius_atricapilla,A0A851JEF5,MVQGVLVLGVLVLLALPGLEAAGEAPKVEVYARSRAKEGEGNILHCFITGFYPARIDVELLKNGEPMPDVTYGDLSFNEHWKFQRLVYAPFTPREGDLYVCKVVHSTMPEPALYRWGMLC
vidua_chalybeata,A0A851KGU0,MARGALALGVLALLGLGAAAESPKVEVYARSRAEEGKENILHCFVAGFHPPKIDIELLKNGNPIPDVKYGDLSFNEKWQFQRLVYVPFTPTRGDTFSCRVAHSTMPEPRIYRWGMLC
campylorhamphus_procurvoides,A0A851MYN5,MEERVLGLGVLVLLALLGPGHATDHAPKVEVYSRTHAVEGEQNVLHCFVTGFHPPKITIELLKNDQPMDDVKYGDLSFNEKWLFQRLVYAPFTPTRGDIFACRVTHSTMPEPQTFRW
penelope_pileata,A0A851NZ36,MGKAVIAVLVAMVALLGLGEAKSAPRVQVYSRFPPAVGSQNVLNCFVEGFHPPKITITLQKDGRPIEGAKASDMSFNDDWTFQRLLYANFTPSRGSVYTCKVEHETFQEPQVFKW
tychaedon_coryphoeus,A0A851QWX2,MARGALALGLLALLALLGQEAAAEAPKVEVYARSRAVEGKENVLHCFVTGFHPPKIDIELLKNGVPLPDVHYGDLSFNEKWQFQRLVHAPFIPTRGDTFVCRVAHSSMPEARSYGWGMLC
elachura_formosa,A0A851U3G1,MALGSLALGVLALLGLLGLDAASEAPNVEVYTRFRAEEGKENVLQCFISGFHPRKIDIELLKNGEPIPGVKYGDLTFNEKWQFQLLVYAPFIPTREDVFTCRVVHSTMPEPGVYRWGMLC
copsychus_sechellarum,A0A851VEM0,MARGALALGLLALLALLGQEAAAEAPKVEVYARSRAVEGKENVLHCFVTGFHPPKIDIELLKNGKPLPDVQYGDLSFNDKWQFQRLVHAPFIPTRGDTFVCKVAHSSMPEPRSYRWGMLC
corvus_moneduloides,A0A851WUN8,MARGVLALGVLALLALLGLGAAAEAPKVEVYARSRAEEGKQNTLHCFVTGFHPPKIDIELLKNGEPISGVMYGDLSFNEKWQFQRLVYVPFTPTRGDTFACRVAHSTMTGPRIYRWGTLC
calcarius_ornatus,A0A852AQS0,MARRALALGVLALLALLGLGAAAEAPKVEVYARSRAEEGKENTLHCFVTGFHPPKIDIELLKNGEPIPGVKYGDLSFNDKWQFQRLVYAPFTPTKEDVFSCRVAHSTMPERRDFIWGMLC
chloropsis_cyanopogon,A0A852BIV4,MARGALALGVLALLALLDLGAAAEAPKVEVYARSRAEEGKENVLHCFVTGFHPPRIDIELLKNGQPMPGVTYGDLSFNEKWQFQRLVYVPFTPTRGDVFTCRVAHSTMAEPAVYRWGMLC
passerina_amoena,A0A852DST6,MARRALALGVLALLALLGLGAAAEAPKVEVYGRSRAEEGKPNTLHCFVTGFHPPKIDIELLKNGVPIPGVTYGDLSFNDKWQFQRLVYAPFIPTREDIFSCRVAHSTMPEPRDYIWGMLC
vidua_macroura,A0A852EKU4,MARGALALGVLALLGLGAAAESPKVEVYARSRAEEGKENILHCFVAGFHPPKIDIELLKNGNPIPDVKYGDLSFNEKWQFQRLVYVPFTPTRGDTFSCRVAHSTMPEPRIYRW
peucedramus_taeniatus,A0A852FGS7,MARGALALGVLALLALLGLAAAGEAPKVEVYARSRAEEGKENTLHCFVTGFHPPKIDIELQKNGEPIPGVKYGDLSFNDKWQFQRLVHVPFTPTRGDTFSCRVVHSTMTEPGIYKW
nicator_chloris,A0A852I3F1,MAQGALALGVLVLLALPSLEATDLAPKVEVYARSRAEEGKENVLHCYATGFQPPKIDIELLKNGNPIPDVHYGDLSFNEKWQFQRLAYVPFIPTRGDVFACKVVHSTMAEPAIYRWGMLC
spizella_passerina,A0A852JQM9,MARRALALGVLALLALLGLGAAAEPPKVEVYARSRAEEGKENTLHCFVTGFHPPKIDIELLKNGEPIPGVTSGDLSFNDKWQFQRLVYVRFTPTKDDIFSCRVAHSTMQEPRNYIWGMLC
pteruthius_melanotis,A0A852N5R3,MARRGLALGVLALLALLGLGAADEAPKVEVYARSRAEEGKENILHCFISGFHPPKIDVQLLKNGERIPGVIYGDLSFNDKWQFQRLVYAPFIPTREDTFVCKVAHSTMPEPRIYRWGTLS
atrichornis_clamosus,A0A852P456,MARGTLALGVLALLALLGLGTAGEAPKVEVYARSRAEEGKENTLHCFVTGFHPPKIDVKLLKNGEPMPGVQYGDLSFNEKWQFQRLVYVPFTPTRGDTFVCSVAHSTMTEPRTYRWGTLC
corvus_moneduloides,A0A8C3E463,MARGVLALGVLALLGLGAAAEAPKVEVYARSRAEEGKQNTLHCFVTGFHPPKIDIELLKNGEPISGVMYGDLSFNEKWQFQRLVYVPFTPTRGDTFACRVAHSTMTGPRIYRWGTTRLLSQNLLASQSLLKLLSILHHIHKNDQLPFRNSLISLVKSHLATASRELCRLFEHVAINAHITA
catharus_ustulatus,A0A8C3TK83,MAREALVLSLLALLALLGQEAAGEAPKVEVYARSRAEEGKENILHCFVTGFHPPKIDIELLKNDKPIPDVKYGDLSFDEKWQFQRLVYVPFVPTRGDTFSCRVAHSTMAEPRIYRWEPDF
dromaius_novaehollandiae,A0A8C4PDT4,MERVLKGQVLVLVLVLVALVGLSEAKEAPKVQVYSRYPVEFGTKNFLNCYVEGFHPPKINITLLKNGEPMPDVKYSDMSFSDNWTFQCLVSAPFIPREDDDYTCRVAHVTLPEPQTFKWDPEF
nothoprocta_perdicaria,A0A8C6Z6B5,PAAGALALPLLAGVVLAALPHVRDAPKVQVYSRHPVTFGAENVLNCYAEDFHPPKIHMTLLQDDKPMPNVQYSDMSFSDNWTFRRLAYAAFVPAKGSVYTCRVEHVALPEPQTFKWDPDF
nothoprocta_perdicaria,A0A8C7EBT9,MEPVRQALLVLLVAVVGLQAATHAPKVQVYSRHPVTFGAENVLNCYAEDFHPPKIHMTLLQDDKPMPNVQYSDMSFSDNWTFRRLAYAAFVPAKGSVYTCRVEHVALPEPQTFKWDPDF
zonotrichia_albicollis,A0A8D2NDX7,MARRALALGVLALLALFGLGAATEAPKVEVYARSRAEEGKENTLHCFVTGFHPPKIDIELLKNGVPIPDVTYGDLSFNDKWQFQRLVYARFTPTKGDTFSCRVAHSTMREPGNYIWEPDF
rhegmatorhina_hoffmannsi,A0A974B7F7,MERGVLGLGVLVLLALLGPGDATDQAPKVEVYARTRAVEGKENTLHCFITDFHPPKIEVELLKNGQAMTDVKYGDLSFNEKWRFQRLVYAPFSPAKGDEYACRVMHSTMTEPQIYRWGTPC
menura_novaehollandiae,A0AA97MJ95,MAQGTLALGILALLALLGLGAAGEAPKVEVYARSRAEEGKQNTLHCFVTGFHPPKIDVELLQNGQPMSGVQYGDLSFNEKWQFQRLVYVPFTPTRGDTFACRVAHSTMSEPLTYRWGMLC
taeniopygia_guttata,H0Z2F3,MARGALALGLLALLALLGLGAAAESPKVEVYARSRAEEGKENILHCFVTGFHPPKIDIKLLKNGDPIPGVKYGDLSFNEKWQFQRLVYVPFTPTRGDTFSCEVAHSTMPKSRNYLWGTRLLSCVWGNPRIWDILLASQSLLKLLSIVHHSHKADQRPFRNSLISLVNDIT
meleagris_gallopavo,P21612,DLTPKVQVYSRFPASAGTKNVLNCFAAGFHPPKISITLMKDGVPMEGAQYSDMSFNDDWSFQRLVYADFTPSSDAVYTCKVDHETLKEPQVYKWDPEF
anas_platyrhynchos,Q14U75,MAKAAIVALVALVALLGQGQAKAAPKVQVYSRHPATAGTENILNCYVEGFHPPKIDIALLKNGEPMKDVKYNDMSFGDDWTFQRLVYAPFTPTKSDVYTCRVDHEAFTEPQSFRWEPDF
ficedula_albicollis,U3K580,GGGGGGGGGLLALLALLGQEAAAEAPKVEVYARSRAEEGKANTLHCFVSGFHPPKIDIELLKNGEPLPDVQYGDLSFNDKWQFQRLVHAPFIPTRGDIFVCRVAHSTMPEPRSYRWGITRLLSCAWGKILARQSLLKLVSILHYIHRSDQLPFRNSLISLVKNIT
coturnix_japonica,A0A0K0VL05,XKNVLNCFTAGFHPPKISITLQKDGVPMEGARYSDMSFSDDWSFQRLVHVDFTPSRDAIYTCKVEHETLKEPLVYKWDPE
apteryx_mantelli,A0ABM4F9J1,MARVLRGMVLVLVLLVGLREAKEAPKVQVYSRHPVVFGTGNILNCYVEGFHPPKISITLLKNGEPMQNVEYSDMSFSDNWTFQRLVYAPFTPSKDDEYTCKVEHITLTEPQIFKWDPEY
gallus_gallus,Q5W919,MGKAVALVALVALFGLSQAGVTPKVQVYSRFPASVGTKNVLNCFVEGFHPPRITITLMKDGVPMEGAQYSDMSFKDDWTFQRLVHADFTPSSEAVYTCKVEHETFKEPQVFKWDPEF
gallus_gallus,Q5W920,MGKAVALVALVALVALFGLSQAGVTPKVQVYSRFPASVGTKNVLNCFVEGFHPPRITITLMKDGVPMEGAQYSDMSFKDDWTFQRLVHADFTPSSEAVYTCKVEHETFKEPQVFKWDPEF
gallus_gallus,Q6L753,MGKAVALVALVALFGLSQAGVTPKVQVYSRFPASVGAKNVLNCFVEGFHPPRITITLMKDGVPMEGAQYSDMSFKDDWTFQRLVHADFTPSSEAVYTCKVEHETFKEPQVFKWDPEF
gallus_gallus,Q6L754,MGKAAAVVLVTLVALLGLAQADLTPKVQVYSRFPASAGTKNVLNCFAAGFHPPKISITLMKDGAPMEGAQYSDMSFNDDWTFQRLVHADFTPSSGSTYACKVEHETLKEPQVYKWDPEF
gallus_gallus,Q6L755,MGKAAAVVLVTQVALLGLAQADLTPKVQVYSRFPASAGTKNVLNCFAAGFHPPKISITLMKDGVPMEGAQYSDMSFNDDWTFQRLVHADFTPSSGSTYACRVEHETLKEPQVYKWDPEF
gallus_gallus,Q6L756,MGKAAAVVLVTLVALLGLAQADLTPKVQVYSRFPASAGTKNVLNCFAAGFHLPKISITLMKDGVPMEGAQYSDMSFNDDWTFQRLVHADFTPSSGSTYACKVEHETLKEPQVYKWDPEF
carcharhinus_plumbeus,D0EP38,MMLKLVVLSLLVALSLATSSPNVQVYTYRPIEEGKSNVLLCHAKDFTPPNIKLELLENGKTIPNANQSDLSFESDWSFKLTKFVEVTPEAGTKYSCKVEHNGNSREVQLDRY
carcharhinus_plumbeus,D0EP39,MMLKLVVLSLLVALSLATSSPNVQVYTYRPIEVGRSNVLLCHAKDFTPPNIKLELLENGKTIPNANQSDLSFESDWSFKLTKFVEVTPEAGTKYSCKVEHNGNSREVQLDRY
carcharhinus_plumbeus,D0EP40,MMLKLAVLSLLVALSLATSSPNVQVYTYRPIEEGKSNVLLCHAKDFTPPNIKLELLENGKTIPNANQSDLSFESDWSFKLTKFVEVTPEAGTKYSCKVEHNGNSREVQLDRY
ginglymostoma_cirratum,F4ZE04,MMLKLAILALIVALSQAGSPNVQVYTYKLIKEGESNVLLCHAKDFSPPNIKLELLENGRIIPNTTQSDLSFESDWSFKLTRYVEFTPQSGYKYSCMVTHNGDSKEIQLDAY
rostroraja_eglanteria,Q8AXA0,MRALILLSLGLLRVAVPSPPQVVVYTYKPVVHGEKNTLLCHAKEFNPPNVELQLFEDGNVFSQANQTDLSFESNWKFKLTKFIELIPREDVEYSCHVMYMGKTSIYKLESF
danio_rerio,E7F1G6,MWFKLAVVALVFLNASCLAKETPPKVQVYSRNPGEYDKENTLICYVSGFHPPDITIELLKNGQPIEKTTQTDLAFEQGWFFHLTKFAAFKPRPGEVYTCQVRHLTETKTYTWEPDM
danio_rerio,Q04475,MRALITFALLCLLYITVQGKVSTPKVHVYSHFPGEYGKPNTLICYVSSFHPPDISIELLKNGQVMSDTKQTDLAFEKGWQFHLTKSVAFTPEKGDEYTCSVRHMKETKKFSWEPNM
acipenser_baerii,Q9PRF8,MFLRSTFVAALVACLAYIHLGDATEAMPKVQIYSRNVGELGKPNTLICHVSGFHPPNIKLQLLKNDVEIEGAQQSDLAFHQGWHFHLTKSVAFTPKEGEHYSCKVEHSTLREATRFTWTPDM
scatophagus_argus,A0A077D4C7,MRIVLCLAALTAVYCSDSLKHTPPKVQVYSRNPGKFGDENTLICHATGFHPPDISIQLLKNGEELPGAKQTDLAFRQNWQFHLTKSVAFTPMTGQKFSCKVTHGDIIKDYAWEPNM
tachysurus_fulvidraco,A0A189J7D6,MNVLLSLAAFALLASCAFAKESAPKIQVYSRNPGVFGKENTLICHVSDFHPPDIEIKLMKNNVEIPNAKQTDLAFEKGWKFHLTRSVEFTPSSGETYSCSVRHLKTTRHITWEADM
iconisemion_striatum,A0A1A7Y6I3,MKELVCVVALLCFTELISAKLAEPKVQVYSRNPGDYDKSNVLICHVSGFHPPEIRIDLLKNGQAITEAQQTDLAFEENWHYHLTKHAPFTPKAGDKFECKVTHMGKTKLHYWEPDM
iconisemion_striatum,A0A1A7YUC4,MNFALAVAALVAFCCSVDAINSPPKVQVYSRDPGEFGKDNTLICHVSNFHPPDITIELLKGDDVIPGAVQTDLAFKQDWHFHLTKSVVFKPSDGEKYTCRVTHGSKAKDYTWEPNM
nothobranchius_furzeri,A0A1A8A0E6,MNFALAFGVFVALCCSVDAIKSPQVQVYSRDPGEFGNDNVLICHVSNFHPPDITIEILKDEEVIPGAVQTDLTFKQDWHFHLTKSVEFKPSSGEKYKCRVTHGTNRKDYIWEPNM
nothobranchius_kadleci,A0A1A8BT88,MNFALAFGVFVALCCSVDAIKSPQVQVYSRDPGEFGNHNVLICHVSNFHPPDITIEILKDEEVIPGAVQTDLTFKQDWHFHLTKSVEFKPSSGEKYKCRVTHGTNRKDYIWEPNM
nothobranchius_kadleci,A0A1A8EI05,MKELVYVVALLFLTELISAKLAEPQVQVYSRNPGQYDKSNVLICHVSGFHPPEIRVDLLKNGQEITEAKQTDLAFEEDWHYHMTKHVPFTPRTGDKFECRVSHMGKTKHYFWEPDM
nothobranchius_korthausae,A0A1A8GR94,MNFALAVGVFVAFCCSVNAIKSPQVQVYSRDPGEFGNDNTLICHVSNFHPPDITIEILKGEEVIPGAVQTDLTFKQDWHFHLTKSVEFNPSSGEKYKCRVTHGTNRKDYIWEPNM
nothobranchius_korthausae,A0A1A8HGY0,MKELVCVVALLFLTELISAKLAVPQVQVYSHNPGQYDKSNVLICHVSGFHPPEIRIDLLKNGQEITEAKQTDLAFEENWHYHMTKHVPFTPRAGDKFECSVSHMGKTKHYFWEPDM
nothobranchius_kuhntae,A0A1A8IB76,MNFALAFGVFAALCCSVDAIKSPQVQVYSRDPGEFGSDNILICHVSNFHPPDITIEILKDEEVIPGAVQTDLTFKQDWHFHLTKSVEFKPSSGEKYKCRVTHGTNRKDYIWEPNM
nothobranchius_kuhntae,A0A1A8K6E1,MKELVCVVALLFLTELISAKLAEPQVQVYSRNPGQYDKSNVLICHVSGFHPPEIRIDLLKNGQEITAAKQTDLAFEEDWHYHMTKHVPFTPRTGDKFECRVSHMGKTKHYFWEPDM
nothobranchius_pienaari,A0A1A8L244,MNFALAFGVFVAFCCSVDAIKSPQVQVYSRDPGEFGNDNILICHVSNFHPPDITIEILKDEEVIPGAVQTDLTFKQDWHFHLTKSVEFKPSSGEKYKCRVTHGTNRKDYIWEPNM
nothobranchius_pienaari,A0A1A8M4S4,MKELVCVVALLFLTQLISAKLAEPQVQVYSRNPGQYDKSNVLICHVSGFHPPEIRIDLLKNGQEITEANQTDLAFEEDWHYHMTKHVPFTPRTGDEFECRVSHMGKTKHYFWEPDM
nothobranchius_rachovii,A0A1A8NKA7,MNFALAFGVFVAFCCSVDAIKSPQVQVYSRDPGEFGNDNILICHVSNFHPPDITIEILKDEEVIPGAVQTDLTFKQDWHFHLTKSVEFKPSSGEKYKCRVTHGTNRKDYIWEPNM
nothobranchius_rachovii,A0A1A8QR64,MKELVCVVALLFLTQLISAKLAEPQVQVYSRNPGQYDKSNVLICHVSGFHPPEIRIDLLKNGQEITEAKQTDLAFEEDWHYHMTKHVPFTPRTGDEFECRVSHMGKTKHYFWEPDM
nothobranchius_furzeri,A0A1A8VL56,MKELVYVVALLFLTELISAKLAEPQVQVYSRNPGQYDKSNVLICHVSGFHPPEIRVDLLKNGQEITAAKQTDLAFEEDWHYHMTKHVPFTPRTGDKFECRVSHMGKTKHYFWEPDM
trachinotus_ovatus,A0A291B2S8,ETKGRSNMNVALCLAVLAAVYCSVDAKVSPPKVQVYSRDPGQYGSKNTLICHVSNFHPPDITIQLMKNGMEIPDAKQTDLAFKQDWHFHLTKNVAFTPQDGESYTCKVTHGSTMKDYVWEPNM
trachinotus_ovatus,A0A291B2U3,RLSFLNKDNNVSSPLPSEGETMRTTVCVVFVGLLCLFAVSTAKESQPKVQVYTRTPGFYGKENILICHVNEFHPPEITIELLKDGKVIPGATQTDLAFEENWHYHLTKHAPFTPNKDENYACRVTHMGKQKTFLWEPDM
austrofundulus_limnaeus,A0A2I4AM74,MNFALCLAALALLYCSVDSKHSPPKVAVYSREPGEFGKPNHFICHVNDFHPPDIEIKLLHNGKELENSKLTDLAFKNDWHFHLTKSAPFTPEAGDEVVCRVTHTGTSKDYSWEPNM
pygocentrus_nattereri,A0A3B4BVB7,MKLFLAIVVFVVLGSSSLAKLSEPKVQVYSYSPGEFDKENILICHVSGFHPPDISIELLKNEVEIPGSKQTDLAFEQGWKFHLTKSVSFKPQKNEEYSCRVRHVNNVRNFIWEADM
takifugu_rubripes,A0A3B5KBB6,MQIKMKLFLLSCLALVCYAENTKHTPPKVQVYSRNPGEFGHKNVLICHVSGFHPPDITIQLMKGEEELKDANQTDLAFKEDWHFHLTKSVFFTPQHEEAYICKVTHGNKVSKYTWETNM
ctenopharyngodon_idella,A0A3G2VUI3,MWFKLAVVALVFLSASCSARQSDPKVQVYSRNPGEYGKANVLICYVSGFHPPDITIQLLKNGVEIPGSTQTDLAFEEGWQFHLTKYVDFLPQPGEEYTCRVRHMSSPTKSYTWEPDM
amphiprion_ocellaris,A0A3Q1C8R0,MRALGLAVVCLICFTGLSVAKDAPPEVQVYTRTRSEVGKENTLICHVKGFHPPEITIDLLKNGVSMTNSKQTDLAFDETWNYHLTKHVRFTPNKGERFACNVTHLGKSRMYDWDGDM
anabas_testudineus,A0A3Q1GYT0,MKLFVCAVFLSLVFLELSMAKESSPKVQVYSRLPGEIGKQNVLICHVTGFYPPEIEIEVLRNNQAIPHAKQTDLAFEEDWHYHLTKHATFTPNKDETYSCRVTHLGKPRIYTWESDV
anabas_testudineus,A0A3Q1H5C2,MKLLLCLAALTAVYCTVDSVRTPPKVQLYSRDPGEYNKENTLICHTSGFHPPDITIRILKDGKELPDAKQTDLSFAQDWRFRVTKYVPFKPQKGETFTCEVTHGSTKNVYSWEPNM
electrophorus_electricus,A0A4W4DSI3,MHPLFSFVVLAVLSASSLAKQSSPKVQVYSRKPGEFGKENVLICHASDFHPPDISLDLLKNGILMSNTKQTDLAFEQGWKFHLTKTVPFNPSAHDVYTCRVRHMTDEKTYTWEPDM
electrophorus_electricus,A0A4W4GIS5,MKPLLFFAVVCAFYISVQAKSSPPKVQVYSYSPGEFDKENVLICHVSDFHPADIEIDLLKNGIVIPNANQTDLSFSQGWKFYLTKSVPFKPKKSDDYCCKVKHMSEAKKYMWEPDM
liparis_tanakae,A0A4Z2I486,MLRRDSRINGTRTMLLLCLAALLAVGFAQETHHTPPKVQVYSRQAGEFGKQNNLICHVSGFHPPDISIKLMKDGEELPEAQQTDLAFDRDWRFHLTKNVVFTPRREDKYSCQVTHGAAAKDYAWDPNM
bagarius_yarrelli,A0A556THF2,MKLFTFFLFGILCISARAKESSPKVQVYSYGPGEFGKDNYLICHVSGFHPPDISIELLMDDVEIPGANQSDLAFEQGWMFYLTKSVPFKPQQGKEYICKVRHMQKTQTFVWPARILPSWLEVRCTEMHAAAGKSPTHELLWSWAQQNKTLADLMRVLEDMGHYRALEIFRSYDSYKDAPRSSSVQNISQPQNDKPRQDSDLNHECVFGEGKRKKAWLTYSEVKVGTRNFHQDLKIGGNAFAEVYKGKRGNENFVVKLFKQENKKSWKVLWERFRTEIEVLQFSDHPNILELWGGFSEDERYCLVYPFMPNGSLFHKLHNQVN
triplophysa_tibetana,A0A5A9PES7,MRELICFTLFCLVFVTVQGKISTPKVQVYSHFPGEYGKDNTLICHVSGFHPPDITIDLLKNGEDIPNSQQTDLAFEKGWQFHLTKSVAFKPVKGEEYTCRVRHMKNQNNYAWGEFYVSVF
sinocyclocheilus_anshuiensis,A0A671N2T9,IILFLKLWTKSPKMRALITFALFCVLYVTVQGKTSSPKVQVYSHFPGEYGKENTLICHVSGFHPPDITIELLKDGEILPNTQQTDLAFEKGWQFHLTKSVTFKPERGQNYACSVRHMGNKNVYSWESNM
sinocyclocheilus_anshuiensis,A0A671N6R9,MRALITFALFCVLYVTVQGKTSSPKVQVYSHFPGEYGKENTLICHVSGFHPPDITIELLKDGEILPNTQQTDLAFEKGWQFHLTKSVTFKPERGQNYACSVRHMGNKNVYSWESNM
sinocyclocheilus_grahami,A0A672PCJ6,MFKLAVVALVLLSASCFAKQSDPKVQVYSRNPGEYGKKNVLICYVSGFHPPDITIELLKNGQEIPHSHQTDLAFEQGWQFHLTKHADFTPQAGEEYSCRVRHMSNTKTYTWEADM
sinocyclocheilus_grahami,A0A672PJJ7,KACENLSRAFKHIQDVCLSEIPGTFYFHFHFAGKLLKITLLKNWFLLDINADPKVQVYSRNPGEYGKKNVLICYVSGFHPPDITIELLKNGQEIPHSHQTDLAFEQGWQFHLTKHADFTPQAGEEYSCRVRHMSNTKTYTWEADM
sinocyclocheilus_rhinocerous,A0A673JBU2,MLKLAVVALVLLSASCFAKQSDPKVQVYSRNPGEYGKKNVLICYVSGFHPPDITIELLKNGQEIPNSHQTDLAFEQGWQFHLTKYVDFTPQAGEEYSCRVRHMVNTKTYTWEPDM
sinocyclocheilus_rhinocerous,A0A673L9S1,IILFLKLWTKSPKMRALITFALFCVLYVTVQGKTSSPKVQVYSHFPGEYGKENTLICHVSGFHPPDITIELLKDGEILPNTQQTDLAFEKGWQFHLTKSVTFKPERGQNYACSVRHMGNKNAYSWEPNM
channa_argus,A0A6G1QRD8,MKLLLWMAALLAVYFSVEAKYSPPKVQVYSRDPGEYGKDNTFICHASKFHPPDIKIQLLKNDVEIPGAKQTDLAFKDDWHFVLTRSVNFRPEKGDKFICRVTHGQTVKDYVWEPNM
notothenia_coriiceps,A0A6I9PVL5,MRLLFCIAALVAVNFAQDTNHTPPKVMVYSNGPGEFGTANTLICHVSGFHPPDIMIQLMKDDEEIRNAEQTDLAFKKNWRFHLTKSVPFTPKEGEKYSCKVTHGSTPKQYAWDPNM
chanos_chanos,A0A6J2WR07,MKSLLSVAVLVAVLACCYAKVSHPKVQIYSRNPGEYGKDNTLICHVSGFHPPDITIELLKDGQPIGGAKQTDLAFEQGWDFHLTKHAPFKPQQGEQYTCKVTHMKSTNSYTWEADM
gymnocypris_przewalskii,A0A7S6TBF2,MRAIITFALFCVLYVTVQAKTSSPKVQVYSHFPGEYGKENTLICHVSGFHPPDITIELLKNGEVLSNTQQTDLAFEKGWQFHLTKSISFKPERGQNYACKVRHMSNTNTYSWEPNM
melanogrammus_aeglefinus,A0A7T5V8Z1,MKIAFCAVAVALLLCTAESKESVPKVQVYSSSPAEFGKPNTLICLVTAFHPPEIVIELLKDGVALPNANQTDLSFDKTWHFHLSKFADISPSKEEAYACQVTHIGKQTVHAWEPNM
melanogrammus_aeglefinus,A0A7T5V8Z2,MKITFCAVAVALLFCAADSKESVPKVQVYSSSPAEFGKPNTLICLVTAFHPPEIVIELLKDGTPLPNANQTDLSFDKTWHFHLSKFADISPSKEEAYACQVTHIGKKTVHAWEPNM
astyanax_mexicanus,A0A8B9H424,MKLLLSFVVACFLYISAEAKESPPKVQVYSYSPGEFGKPNHLICHVSEFHPPDINIELLRNGVVITEAKQTDLAFEQGWKFHLTKSVPFTPQKNEEYACRVTHMQKAPQKYSWGRFWSQF
cyclopterus_lumpus,A0A8C3A517,MKAFVCAVVGLLCFPPSIAKSSPPMVEVYSQRPGDVGKKNTLICHVTNFYPPEISIELLKNYQVMPGANNTDLAFEENWHYHLTKSIPFTPHKGDSFACRVTHMKKSSMYIWEPDM
denticeps_clupeoides,A0A8C4BR37,MKAAVSFLAFALVCLSALAKESPPKVQVYARNPGEFGKPNTLLCHVSGFHPPDITIRLLRDGVEIPDAKQTDLAFEKGWQFHLTKFAPFTPNKGEKYSCQVRHMSTPAKDYTWESDM
nothobranchius_furzeri,A0A8C6KFN7,MNFALAFGVFVALCCSVDAIKSPQVQVYSRDPGEFGNDNVLICHVSNFHPPDITIEILKDEEVIPGAVQTDLTFKQDWHFHLTKSVEFKPSSGEKYKCRVTHGTNRKDYIWGDDV
nothobranchius_furzeri,A0A8C6KG47,MNFALAFGVFVALCCSVDAIKPLMVCSHLAPQVQVYSRDPGEFGNDNVLICHVSNFHPPDITIEILKDEEVIPGAVQTDLTFKQDWHFHLTKSVEFKPSSGEKYKCRVTHGTNRKDYIWEPNM
nothobranchius_furzeri,A0A8C6NJ85,DRSCVCVCVCVCVCVRAPLMVCSHLAPQVQVYSRDPGEFGNDNVLICHVSNFHPPDITIEILKDEEVIPGAVQTDLTFKQDWHFHLTKSVEFKPSSGEKYKCRVTHGTNRKDYIWEPNM
nothobranchius_furzeri,A0A8C6NJF7,FKTFYLAYIFSVTRKKNVLVLFLLKSAITPQVQVYSRDPGEFGNDNVLICHVSNFHPPDITIEILKDEEVIPGAVQTDLTFKQDWHFHLTKSVEFKPSSGEKYKCRVTHGTNRKDYIWEPNM
scleropages_formosus,A0A8C9RWS5,MKLWLICVIFGILLWDVKAKLSPPTVQVYSHYPGKYGERNTLICHVSGFYPPDIQIDLLKNGHVIQETYQTDLAFEQGWQFHLTKSVSFEPQKDETFECRVTHMQKTNEYVWEPDM
clarias_magur,A0A8J4TZZ6,MNVLLSFIVLAVFCTSSFAKESPPEIKVYSQNPVVYGKKNVLICHISGFYPVYMDIKLLKNGDEIPNSEQFGLEFHSDGMFHQSKKASFTPDTDNKFTCRVKHMQNEMTVVW
clarias_magur,A0A8J4U6F2,MNVQLSFIMLAVFSTSSFAKESPPEIKVYSQNPVVFGEKLILICYASGFYPRDINVELLKNGEVIPGAEQSELGINSDGMFHLSKNVGFTPESDSQYACQVKHMQNEKTVTW
clarias_magur,A0A8J4UNT2,MNVLLSLVVLAVFSANAFATVSQPKIQVYSRNPGIFGKDNHLICHVSDFHPPDIDITLTRNDVEIPGAVQTDLAFEKGWKFHLTKSVKFTPQDGERYDCKVRHMTNNKKISW
atractosteus_spatula,A0A8J7NN49,MAAIVTGLIPILRTAVEASTDYKGRTLWFGFLSIRLVVLFVAQLPWSKLDTDFSCNTTGPDLCQRACFNQHFHQPAVMAWNFCYVLLILSVLLMELFAAQLRKSAVKKAALSESEAQAGLIDAGEQNGPKRKVIIDFHRHKTSLLFYLLCVTLRMSIEISFLGILVFWNLPALDETPILCRTGLCPGTYVCVVRAAAEKRMSIYALGSISAVVVLTSALFFLYSLTHYLILGRTRPAGDTVPGVSTQSSGRQTRARETSAGASSGPPSFHMPLPEVTPLLQVLGPWSRGVSGFHPRSLGHPPVSLSPGSNCPSVSCFRAPLLAVSPDFPGSPGRSCHFRKRSLRGFTSQKCRAQLLHFPAAPPRLVSRLPPSTEGRLSDRVPSALPAVIYTVLPRFTVISPRLAIATHRSRRLGEREVRGSHRLTNTLPSCTDSRLRFSPAHTERIFALPVCLSASDPPFLALPTETVAVLDRVRIWGFSHSRSTRPLASSRSLSVFGSTHFLLGLLRNRKCVPAKAFPPFSADTVAVRIRPAASWFKRGPFGETARRFCVTVTIAELDIRSRPASGEIAASSELRAAVRSAPAPGCRRCLHACRKNCTGSGCGFDSAALPCLVLKPAILSASGPKASHFVIAVKSALRASRGDGKCELVFPSWASLRAHEALHPSGPCPPPPPPPCTSTSPSDRAPGPRLVPRQRRPRAPAAPQRPPQGGADAPLLSGRAERMGAGACSVCPDPSSGTKGALLPGVQERGPATYARAVHVSRPGRRFYPLFPDSDVEDVTPTGHGWRGGDRGGGVCCAAASVTPRSLQTHPGQRTELWSANTPTLPTQKPKMKVLCLTALVAFLAYLDSAAAAEAKPKVQIYSRNPGEYDKSNTLICHVSDFHPPDIKIELLKNKQQMEGVKQSDLAFEQGWHFHLTQTVPFTPKKGDTYSCRVSHSTLSEPKEFTWGECAAPAPQRPPTGMLSNSTSS
astyanax_mexicanus,A0A8T2MFL0,MKLLLSIVVFVALGCSSLAKQSDPKVQVYSYSPGEFGKENILICHVSEFHPPDISINLLKNGIEIPNAKQTDLAFEQGWKFHLTRSVSFTPQKNEEYACRVTHMGIGKNFVWEADM
polypterus_senegalus,A0A8X8BQH3,MKGSRSQRFGKWNPKCERPGRWGTPVSVRREPYGARDRKATRPEGEDPTGLHRSDPRRVSKASSLLVVGLGYELWQMFKWWEQRVAKKEEWELCHYKCVNGRWAHYQVKGQRKQAQPGPPSGPLTCTLRFSSAITMEVIQVTADQLASSRNQGYISKTYSLSQLLWKLSQDLLEEYVRIFVCEKNQGGPLWTPGYPPSPLYPAGVPQPQSATWGNGLNDEKLLQHNFIACISYSCYLQVVQQQQQELNPKATSLHTVLETVIQHMKTLMHNIETIMVSMNFTVPKIDQPTLPNSNSHSGSFQQKLLGYRICLGSAPKVQIYSHYPGVYGQENVLICHVSGFHPPNIKIHLMKGKVPIPNTTTTDLQFNRDWRFQLTQSVRFTPQKGHSYSCMVEHSSLDHSKTVTWGKPKVQIYSKFPGEYGKDNVLICHVSGFHPPNIKVKLIKNDADIPGTKTSDLAFRRTWDFYLTQSVPFVPNKNDRYSCVVDHSTLSSPSIFTWAGMPRRTRRGQLPWSVWGPRDQSTESQLYFGPWPPQGGAREDRAALEYSTSATPRMAAREGYRVLPGVHVALPPHQEVPLEGHNGPPEAHPGPDDHSR
merluccius_polli,A0AA47M3L9,MEDLGYFSVLILGIQNQDQDQNQDQDQDQLLCCSGDLEGGTGGTGTLYIPREVDVDAFSNSGGGHGGAPKVEVYNNSPFEVGRPTTLICYVSQFQPPVIKLELLENGLEIPVTNQSDLVFDNKWQYFMTKTAVVTPTDKAKYSCRVTHEGKTSTYVFGALLQGPLYRDLIIIRVARAEYGAGPLQVRQCSPEAQPRWSPRGCQSPLRAAEPQRLYHQPPPSQRAHSASAMSPKMQGLQPSLSRSMVLNPEPFWSDKSRIASPWGGNREGHKLDTGRKGRYSAKAVPPSWSQRSTLSTHLVLGSLVMEKTFWRPSHWRDSSSSRPLKFILDLKMESSSSSVFTSQQFYSVSFRCCPRAALVCRAPRGRPPPLPRRRAQPEVTCGSPLGCDWNRADRPDGVLSDPYFRVGIGDVMWTGTRTRTEY
amphiprion_ocellaris,A0AAQ6A7F8,MRALGLAVVCLICFTGLSVAKDAPPEVQVYTRTRSEVGKENTLICHVKGFHPPEITIDLLKNGVSMTNSKQTDLAFDETWNYHLTKHVRFTPNKGERFACNVTHLGKSRMYDWGMCSFQLTSLCLLSL
anabas_testudineus,A0AAQ6I894,MKLLLCLAALTAVYCTVDSVRTPPKVQLYSRDPGEYNKENTLICHTSGFHPPDITIRILKDGKELPDAKQTDLSFAQDWRFRVTKYVPFKPQKGETFTCEVTHGSTKNVYSWGKFEICPNRNDNIRK
anabas_testudineus,A0AAQ6ILM4,MKLFVCAVFLSLVFLELSMAKESSPKVQVYSRLPGEIGKQNVLICHVTGFYPPEIEIEVLRNNQAIPHAKQTDLAFEEDWHYHLTKHATFTPNKDETYSCRVTHLGKPRIYTWGMCLYVSLHTDVNMLKSQMSVVKSNNSNFHLFLFLAHRIDPCSNH
knipowitschia_caucasica,A0AAV2IQS6,MNLLSCVTLAALCVALDAAYTRRPPKVQLYSREPGQMGEDNTLICRVSHFHPPDISLSLRGEDGLLPDSVQTDLAFGQDWHFHLTRSAPFRPQEGKQYTCRVEHGGKLTEVVWDPNM
knipowitschia_caucasica,A0AAV2ITA2,MKNTPLVVSLLLLICAGAIFAKYAAPKVQIYSRAPGLFGKPNMLLCHASMFYPPELNITLLQDGGAMEGAHQTELAFEESWFYHLTEYASFTPQKEHKYSCQVSHQGETKTYHWGETKPGLKQD
crenichthys_baileyi,A0AAV9QSQ8,MAKVASPKVQIYSRNPGNFGTENVLICHVSGFHPPEIKIDLLKNQGEIPGAKQTDLAFEENWHYHLTKHVSFTPNSGEKYVCRVTHVGKTTDYVWEADI
denticeps_clupeoides,A0AAY4DAY1,MKVLLSLTVLLLLACAALAKESPPKVQVYARNPGEFGKPNTLLCHVSGFHPPDITIRLLRDGVEIPDAKQTDLAFEKGWQFHLTKFAPFTPNKGEKYSCQVRHMSTPAKDYTWESDM
esox_lucius,A0AAY5KHZ6,MSVPPSIPSREAPPKVRVYSRNHGEYGKHNVLICHVSVFHPPDISIQLLRNGVEIPRANQTDLAFEQGWQFHLTKSVFFKPEAEEEYACRVRHLKNLKTYTWGEDRIHTCVNTETHITIYNKFTDYIEFT
danio_rerio,A0AB32U1V9,MEVFTVRASLLTLLLYPHIIITWTDYHTVNILAYTRVMGNGSIDQTVVVLVNDAIFAHFDKANNTFALNPTASAGFSVLEKRESIFCLGEVNKGFHRQTEYLEKLKKETKSSKTLFVRPSVIMYAEFPEEEGKANVLYCYATGFYPGDIDIRFFLNGQKSTAKLETSDLMYGEDWTFRVFKYMKITPQTGDEYTCEVRHSSMSEPKITVWRPEFSSSTSHPYWAYTTALGVMLGIGTSTLILKRKHCSQL
danio_rerio,B0UYS1,MRALITFALLCLLYITVQGKVSTPKVHVYSHFPGEYGKPNTLICYVSSFHPPDISIELLKNGQVMSDTKQTDLAFEKGWQFHLTKSVAFTPEKGDEYTCSVRHMKETKKFSWEPNM
osmerus_mordax,C1BJT9,MKAFFSFAVIFLIYSTVESKESPPKVQVYGHNPGKYGAPNTLICHVSGFHPPDISIQLMKNGMEIPNAKQTDLAFEKGWKFHLTKSVDFTPQEEDKFTCRVRHLTKETEYMWDPDM
esox_lucius,C1BWZ4,MNYILSTVVVALVFCVVESRESPPKVQVYSRNPGKYGQENTLICHVSGFHPPDIDIKLMKNGNEIPGAKQTDLAFEQGWRFHLTKSVAFTPNDGDDYSCKVRHLSTTKAYTWESNM
esox_lucius,C1BXI3,MNYILSAVVVALVFCVVESRESPPKVQVYSRNPGKYGQENTLLCHVSGFHPPDIDIKLMKNGNEIPGAKQTDLAFEQGWRFHLTKSVAFTPNDGDDYSCKVRHLSTTKAYTWESNM
esox_lucius,C1BXQ0,MKIILSILALGLFYATVESKESPPKVQVYSRNPGNFGEKNVLICHVSGFHPPDISIQLLKNGKEIPNSNQTDLAFEQGWQFNLTKSVFFTPAAEEEYSCRVRHLKNLKTYTWEADM
esox_lucius,C1BZT7,MNYILSTVVVALVFCVVESRESPPKVQVYSHNPGKYGQENTLICHVSGFHPPDIDIKLMKNGNEIPGAKQTDLAFEQGWRFHLTKSVAFTPNDGDDYSCKVRHLSTTKAYTWESNM
anoplopoma_fimbria,C3KIY9,MKTFVVAFLVGMLCFSASMAKTSPPKVAVYSRLPGQNLKENTLVCHVTGSHPPEVRIELLRNDQVLPGGHQTDLAFEENWHYHLTKHAPFTPNGKDAFHCRVTHMGKTKLYTWEPDM
anoplopoma_fimbria,C3KJ51,MMLGYCLAALLAVCFAQDAMHTPPKVQVYSHKPGEYGKENTLICRVSGFHPPDITIELMKNDMEIPEAQQTDLAFKKGWHFHLTKNVAFTPNREDRYSCKVTHGTTVNNYAWEANM
cynoglossus_semilaevis,C4PJS5,MKGVVWLVFVVLPCTLKAEDNVTVAPMVQLYSKTIGLYNKPNTLICHAKDFYPPEISIELLKNNEVISEAKHSEMAFTDKWLYRVTRFTDFTPKSGDKYSCRVTHQGRERTYKWEPDV
cynoglossus_semilaevis,C4PJS6,MKGVVWLVFVVLPCTLKAEDNVTVAPMVQLYSKTIGLYNKPNTLICHAEDFYPPEISIELLKNNEVISEAKHSEMAFTDKWLYRVTRFTDFTPKSGDKYSCRVTHQGRERTYKWEPDV
cynoglossus_semilaevis,C4PJS7,MKGVVWLVFVVLPCTLKAEDSVTVAPMVQLYSKTIGLYNKPNTLICHAKDFYPPEISIELLKNNEVISEAKHSEMAFTDKWLYRVTRFTDFTPKSGDKYSCRVTHQGRERTYKWEPDV
cynoglossus_semilaevis,C4PJS8,MKGVVWLVFVVLPCTLKAEDSVTVAPMVQLYSKTIGLYNKPNTLICHAEDFYPPEISIELLKNNEVISEAKHSEMAFTDKWLYRVTRFTDFTPKSGDKYSCRVIHQGRERTYKWEPDV
cynoglossus_semilaevis,C4PJS9,MKGVVWLVFVVLPCTLKAEDSVTVAPMVQLYSKTIGLYNKPNTLICHAEDFYPPEISIELLKNNEVISEAKHSEMAFTDKWLYRVTRFTDFTPKSGDKYSCRVTHQGRERTYKWEPDV
cynoglossus_semilaevis,C4PJT0,MKGVVWLVFVVLPCTLKAEDNVTVAPMVQLYSKTIGLYNKPNTLICHAKDFYPPEISIELLKNNEVISEAKHSEMAFTDKWLYRVTRFTDFTPKSGDKYSCRVTHQGRERTHKWEPDV
lates_calcarifer,D2CZZ6,MKLLMCLAAFAAVCFMVDSKNSPAKVQVYSRNPGEFGKANTLICHVSDFHPPDIKIQLMKDGMEIPNADQTDLAFKQGWLFHLTKNVDFTPTGGEKYSCRVTHGGVLKDYAWEPNM
pagrus_major,D2KU76,MRIVLCLAALAAVYCSDDAKYTPPKVQVYTAGPAQFGEKNTLICHVSGFHPPDITIQLMKEGEEISNANQTDLAFKPDWHFHLTKNVAFTPTRGQKYSCKVTHGRNMKEYAWVPNM
pagrus_major,D2KU77,MKGSVFAVVVGLLCLQWGSMAKESPPKVQVYSRAPGEFGKANTLICHVSGFHPPEITIELLKNGNEMPGANQTDLAFEENWHYHLSRHLRFTPSKEDVYACKVTHMGKSNMFVWEADM
seriola_quinqueradiata,D2KU78,MNIALCAAVMVAVCLSVDAKVSPPKVQVYSRNPGEYGAKNTLICHVSNFHPPDISIELMKDGVELPDAKQTDLAFKQDWHFHLTKNVEFTPNDGQKYSCRVTHSGKVNEYAWEPNM
seriola_quinqueradiata,D2KU79,MKTTVYAVCVGLLCLIATSMAKHSPPLVQVYSRSPGLYGKPNTLICHVTGFHPPEITIELLKNDNVIPDAGQTDLAFEETWSYHLTKHVPFTPSKDERYACKVTHLGKMNQYIWEPDM
salvelinus_alpinus,D7EZP8,MKYILSIVVLGLIYSAVESKESSPKVQVYSRNPGNFGDKNTLICHVSGFHPPDISIQLLKNGVEIPDAKQTDLAFERQGWQFHLTKSVGFTPASGEEYTCRVRHLKNLKTYTWEADM
miichthys_miiuy,F8SVU5,MKFVLCIAALVAVCYSDDSKHTPPKVQVYSRDPGRFGSKNVLICHVSGFHPPDITIQLMKDEEELPNANQTDLAFKQDWHFHLTKNVPFTPLDGQKYSCKVTHGQKVKDYAWEPNM
miichthys_miiuy,F8SVU7,MKFVLCIAALVAVCYSDDSKHTPPKVQVYSRDPGKFGSKNVLICHVSGFHPPDITIQLMKDEEELPNANQTDLAFKQDWHFHLTKNVPFTPLDGQKYSCKVTHGQKVKDYAWEPNM
dicentrarchus_labrax,G9BBW4,MKFVLCLAALAVVSCSDNPKITKPKVQVYSRDPGEFGKENTLICHVSGFHPPNINIQLLKDGEEIQNAKQTDLAFKQDWHFHLTKNVAFTPTRGEKYSCKVTHGPETKTYAWEPNM
oryzias_latipes,H2MAU9,MIVGAKIELLSFLLLLWASAPPTVQVYSRDPGQYGKENTLICHVSNFHPPDITIRLMEDDQELPEAKQTDLAFKQNWHFHLTKSAPFTPKQGARYTCKVTHSGLAKDYTWGESSTTTANYLLTSNELKLFFCLNRVQHVTAIEGDPGRPQLFCADLQPLQLSNQKHLFPPLSSHKHSVSAGCHGATLHLACSGCSSST
pimephales_promelas,H9T844,LYVTVQGKLSSPKIQLYSHFPGEYGKGNTLICYVSGFHPPDISIELLKDGVVIPNSQQTDLAFEKGWQFHLTKSVSFTPQKGEDYSCKVRHMSEMKTVIWEPNM
oplegnathus_fasciatus,J7M885,MKGFAYAVLAGLLCLVASSVAKTSPPKVQVYSRTPGKLGEANTFICHVSGFHPPEITIQLLKNGKEIPGARQTDLAFEEAWYYHLTKHVPFTPVKGEEFACRVTHMGMPKMYFWESDV
ictalurus_punctatus,O42197,MKFLLSFVVLAVFSASAFAKESPPKIQVYSRNPGEFGKENTLICHVSDFHPPDITIDLLKNGEVIPNAEQTDLAFEKGWKFHLTKSVSFTPTSNDKFTCRVRHLKETKNISWEPDM
ictalurus_lupus,O42198,VLAVFSASAFAKESPPKIQVYSRNPGEFGKENTLICHVSDFHPPDITIDLLKNGEVIPNAEQTDLAFEKGWKFHLTKSVSFTPTSNDKFTCRVRHLKETKNISWEPDM
ictalurus_pricei,O42199,VLAVFSASAFAKESPPKIQVYSRNPGEFGKENTLICHVSDFHPPDITIDLLKNGAVIPNAEQTDLAFEKGWKFHLTKSVSFTPTSNDKFTCRVRHLKETKNISWEPDM
ictalurus_furcatus,O42238,VLAVFSASAFAKESPPKIQVYSRNPGEFGKANTLICHVSDFHPPDITIELLKNGEVIPNAEQTDLAFEKGWKFHLTKSVSFTPTSSDKFTCRVRHLKDTKNISWEPDM
ameiurus_natalis,O42239,AVAVFGASAFAKESPPKTQVYSRNPGEFGKENTLICRVSDFHPPDIEIDLLKNGEVIPGAKQTDLAFEKGWKFHLTKSVTFTPTSSDRYVCRVRHLKTEKIFTWEPDM
ameiurus_catus,O42240,VLAVFSASAFAKESPPKTQVYSRNPGEFGKENTLICHVSDFHPPDIEIDLLKNGAVIPGAKQTDLAFEKGWKFHLTKSVEFTPTSGDSFACRVRHLKNEKTYTWEPDM
labeobarbus_intermedius,P55076,MRAIITFALFCVLYITVQAKTSSPKVQVYSHFPGEYGKENTLICHVSGFHPPDITIELLRNGEILPNTQQTDLAFEKGRQFHLTKSVSFTPERGLDYACKVRHMSNTNAYSWEPNM
cyprinus_carpio,Q03422,MRAIITFALFCVLYVTVQGKTSSPKVQVYSHFPGEYGKENTLICHVSGFHPPDITIELLKDGEILPNTQQTDLAFEKGWQFHLTKSVTFKPERGQNYACSVRHMNNKNIYSWEPNM
ctenopharyngodon_idella,Q5KR54,MRALVSFALFCVLYISVQGKVSSPKIQVYSHYPGEYGKENTLICYVSGFHPPDISIELPKNGEVISNAQQTDLAFEKGWQFHLTKSVSFKPEKSDEYSCSVRHMSKTKKIVWESNM
ctenopharyngodon_idella,Q65XZ7,MRALVSFALFCVLYISVQGKVSSPKIQVYSHYPGEYGKENTLICYVSGFHPPDISIELLKNGEVIADAQQTDLAFEKGWQFHLTKSVSFKPEKSDEYSCSVRHMSKTKKIVWESNM
ctenopharyngodon_idella,Q6L7B0,MRALVSFALFCVLYISVQGKVSSPKIQVYSHYPGEYGKENTLICYVSNFHPPDISIELLKNGEVIADAQQTDLAFEKGWQFHLTKSVSFKPEKSDEYSCRVKHMSDNKTIVWESNM
labeobarbus_intermedius,Q70XT2,MLTTKSTKMRAIITFALFCVLYVTVQGKTSSPKVQVYSHFPGEYGKDNTLICHVSGFHPPDITIELLKDGEVLPNSQQTDLAFEKGWQFHLTKSVKFTPERGQDYACKVRHMSSTNAYSWEPNM
labeobarbus_intermedius,Q70XT3,MRAIITFALFCVLYITVQAKTSSPKVQVYSHFPGEYGKENTLICHVSGFHPPDITIELLRNGEILPNTQQTDLAFEKGWQFHLTKSVSFTPERGQDYACKVRHMSNTNAYSWEPNM
labeobarbus_intermedius,Q70XT4,MRAIITFALFCVLYITVQAKTSSPKVQVYSHFPGEYGKENTLICHVSGFHPPDITIELLRNGEILPNTQQTDLAFEKGWQFHLTKSVKFTPERGQDYACKVRHMSSTNAYSWEPNM
paralichthys_olivaceus,Q8AYH8,MGLLICSLLLGLLCCSMAKDTPPKVEVYTREPEEFGKPNSFICHVSGFYPPQINITLLKDGKEIPNTQQTDLAFEANWYYYLTKHVSFTPKEDDEFICRVTHMGKSKDHFLMIGL
oryzias_latipes,Q90ZJ6,MKELFFIAALAAFCCAAFSKTSPPTVQVYSRDPGQYGKENTLICHVSNFHPPDITIRLMEDDQELPEAKQTDLAFKQNWHFHLTKSAPFTPKQGARYTCKVTHSGLAKDYTWESNM
gadus_morhua,Q9YGI3,MKITFCTVAVALLLCTVESKESVPKVQVYSSKPAELGEANTLICLVQAFHPPEITIELLKDGAVLPNANQTDLSFDKTWHFHLSKFADITPSKEESYACQVTHIGKRTVHAWEPNM
hucho_taimen,A0A165VGN5,VVPVLIYSAVESKESPPKVQVYSRNPGEYGERNTLICHVSGFHPPDISIQLLKNGVEIPDAKQTDLAFEQGWQFHLTKSVGFTPDSG
brachymystax_lenok,A0A166TQL1,VVLVLIYSAVESKESPPKVQVYSRNPGEYGKDNTLICHVSGFHPPDISIQLLKDGVEIPDAKQTDLAFEQGWQFHLTKSVGFTPDSG
oncorhynchus_masou_formosanus,A0A291RBL3,VVLVLIYSAVEAKESPPKVQVYSRNPGNFGNKNTLICHVSGFHPPDISIQLLKNGMEIPDAKQTDLAFEQGWQFHLTKSVGFTPDSG
ataeniobius_toweri,A0ABU7BGQ2,MLSLLLLLASPKVQIYSRNPGKFGTDNVLICHVSGFHPPEIKIDLLRNQQEIAGAKQTDLAFEENWHYHLTKHVSFTPNSGETYVCRVTHVGKTTDYVWEPDM
xenoophorus_captivus,A0ABV0R6G5,SPKVQIYSRNPGKFGTDNVLICHVSGFHPPEIKIDLLRNQREIAGAEQTDLAFEENWHYHLTKHVSFTPNSGETYVCRVTHMGKTTDYVWGAAFNLMHIIAEVV
ilyodon_furcidens,A0ABV0V704,MKELAFLVVFLCAFQFIMAKEASPKVQIYSRNPGKFGADNVLICHVSGFHPPEIKIDLLKNQREIAGAKQTDLAFEENWHYHLTKHVSFTPNSGETYVCRVTHMGKTTDYVWGAAFNLMHIIAKVV
gadus_morhua,Q9YH63,QVYSSKPAELGKGNTLICLVQAFHPPEITIELLKDGAVLPNANQTDLSFDKTWHFHLSKFADITPSKEESYACQVTHIGKRTVHAWEPNM
monodelphis_domestica,A0A5F8H0M1,MSRLFLFALLGHLCFLPYLDAITSPPRVQVYSRYPPDSDKSNFLNCYVSGFHPPQITIELLKDGKKMENVEQSDLSFSKDWTFNLLVSAPFDPNSNSEFACKVTHSTLNEPKVVKWGIKKSS
monodelphis_domestica,F7G5N8,MSRLFLFALLGHLCFLPYLDAITSPPRVQVYSRYPPDSDKSNFLNCYVSGFHPPQITIELLKDGKKMENVEQSDLSFSKDWTFNLLVSAPFDPNSNSEFACKVTHSTLNEPKVVKWDKDN
monodelphis_domestica,Q864T8,MSRLFLFALLGHLCFLPYLDAITSSSGPPRVQVYSRYPPDSDKSNFLNCYVSGFHPPQITIELLKDGKKMENVEQSDLSFSKDWTFNLLVSAPFDPNSNSEFACKVTHSTLNEPKVVKWDKDN
vombatus_ursinus,A0A4X2K6X0,MARIFLLALLGQFCFLPYLDAITSSPKVQVYSRHPTDSVKKNYINCYVSGFHPPQITIDLLKNGQKIENVETSDLSFSNDWTFHRLVSAPFDPHDKSEYACRVTHSTLREPKEVKWDPENN
vombatus_ursinus,A0A4X2K9H6,MARIFLLALLGQFCFLPYLDAITSSPKVQVYSRHPTDSVKKNYINCYVSGFHPPQITIDLLKNGQKIENVETSDLSFSNDWTFHRLVSAPFDPHDKSEYACRVTHSTLREPKEVKWGFKKSGLKWKDFKYASLFLKLCLNRIWL
phascolarctos_cinereus,A0A6P5M8Q9,MARIFLLALLGQLCFLPYLDAITSSPKVQVYSRHPPDSDKDNYVNCFVSGFHPPQISIDLLKNGQKIEKVEMSDLSFSNDWTFHRLVSAPFDPKSEHDYACKVSHSTLEAPKVVKWDPESN
trichosurus_vulpecula,Q9GKM2,MMARIFILALLGQLCFLPYLDAITSSPKVQVYSRHPVDSNKENFVNCFVSGFHPPQITIELSKDGEKIPKVEESDLSFSNDWTFNRLVSAPFDPNSRSEYTCKVTHLTLQEPKVVKWDPENN
ornithorhynchus_anatinus,Q864T7,MGSRWGIAVLGLFCFVSCLEAITSSPKIQVYSRHPAQIGESNNLNCYVSSFHPPQISIRLLKNGQEMPGVEMSDLSFSNDWTFHRLVHTVFTPSNQDTFECEVVHEGVKKTVKWEPDN
ornithorhynchus_anatinus,F6QVH3,MGSRWGIAVLGLFCFVSCLEAITSSPKIQVYSRHPAQIGESNNLNCYVSSFHPPQISIRLLKNGQEMPGVEMSDLSFSNDWTFHRLVHTVFTPSNQDTFECEVVHEGVKKTVKWGEYWDPLSGQVLGLEPSPGSKLLFWEMLWRWGGCQWRGRGLAGAHR
tachyglossus_aculeatus_aculeatus,Q864T6,MESRWGIVVIGLLCCVSWVEAITSSPKIQVYTRSPAENGKHNHLNCYVSSFHPPQITIRLLRNGEEMPNVERSDLSFSNDWTFHRLVHTGFVPNDKDVFECEVTHNSVTKSVKWDRDN
ornithorhynchus_anatinus,U5GXR7,LPSQNVPAPVGLPKDTHPAGTVQHKQDPPAELRLDGSLHGTRGPGQREAVADATLHASLRECHVQDNILVDQQEGRAAVERQDSHRLDGVYAWKTRDFRTRDQHWRVPICAALLPCVRGLVKLELAMGSRWGIAVLGLFCFVSCLEAITSSPKIQVYSRHPAQIGESNNLNCYVSSFHPPQISIRLLKNGQEMPGVEMSDLSFSNDWTFHRLVHTVFTPSNQDTFECEVVHEGVKKTVKWEPDN
rhinolophus_ferrumequinum,A0A671E4Y5,MSVPVTLVLLGLLCLSGLDAEPRSPRVQVYSRHPAENGKPNYLNCYVSGFHPPQIEIDLLKNGEKMKVEQSDLSFSKDWSFYLLVHANFTPSAEDEYTCRVKHITLSQPKRVKWDQYN
pteropus_vampyrus,A0A6P3Q349,MALPVTLALFALLFLSGLDGEPRTPKIQVYSRHPAENGKPNYLNCYVYGFHPPQIEIDLLKNGQKLKAEQSDLSFSKDWSFYLLVHTDFTPSTVDEYSCRVNHSSLAMPRMVKWDRNN
myotis_lucifugus,G1P4M9,LTRVVAMALTVAVVLLGLLCLSGLDAEHRKPKVQVYSRHPPENGKPNFLNCYVSGFHPPEIEIDLMKNDEKLPVEKSDLSFSKDWSFYLLVHANFTPSAGVEYSCMVNHVSLSEPMKVKWGSPNL
phyllostomus_discolor,A0A6J2L8U2,MALPWVCVLLGLLSLSGLEAIQRPPKIQVYSRHPVEYGKPNFLNCYVSGFHPPQIEIDLFQNGKPMKTEKSDLSFSKDWSFYLLVHANFTPSAADDYTCVVKHVTLNEPKTVKWDQYN
pteropus_vampyrus,A0A6P6C881,MALPVTLALFALLFLSGLDGEPRTPKIQVYSRHPAENGKPNYLNCYVYGFHPPQIEIDLLKNGQKLKAEQSDLSFSKDWSFYLLVHTDFTPSTVDEYSCRVNHSSLAMPRMVKWGKFSSSFLSC
hipposideros_armiger,A0A8B7RK74,MAPLVTLVLLGLFCLSSLDAEPRVPKIQVYSRHPAENGKPNFLNCYVYGFHPPQIEIELLKNGQKMKVEQSDLSFSNDWSFYLLVHADFIPSAEDEYTCVVNHSSLPVPKKVKWDQFN
